Gene,Ensembl_ID,Highest_Obesity_Relevant_Tissue,Expression_Value,Expression_Unit,Expression_Metric,Obesity_Relevant_Tissue_Count,Obesity_Relevant_Tissues,Source,Evidence_Status
GPR75,ENSG00000119737,Adipose_Subcutaneous,1.81455,TPM,Median (gtex_v8),14,Adipose_Subcutaneous | Adipose_Visceral_Omentum | Artery_Aorta | Artery_Coronary | Colon_Sigmoid | Colon_Transverse | Heart_Atrial_Appendage | Heart_Left_Ventricle | Liver | Muscle_Skeletal | Pancreas | Small_Intestine_Terminal_Ileum | Stomach | Whole_Blood,https://gtexportal.org/home/gene/GPR75,GTEx median expression returned
MC4R,ENSG00000166603,Stomach,0.0531346,TPM,Median (gtex_v8),3,Colon_Transverse | Small_Intestine_Terminal_Ileum | Stomach,https://gtexportal.org/home/gene/MC4R,GTEx median expression returned
LEP,ENSG00000174697,Adipose_Subcutaneous,198.827,TPM,Median (gtex_v8),14,Adipose_Subcutaneous | Adipose_Visceral_Omentum | Artery_Aorta | Artery_Coronary | Colon_Sigmoid | Colon_Transverse | Heart_Atrial_Appendage | Heart_Left_Ventricle | Liver | Muscle_Skeletal | Pancreas | Small_Intestine_Terminal_Ileum | Stomach | Whole_Blood,https://gtexportal.org/home/gene/LEP,GTEx median expression returned
LEPR,ENSG00000116678,Liver,11.4446,TPM,Median (gtex_v8),14,Adipose_Subcutaneous | Adipose_Visceral_Omentum | Artery_Aorta | Artery_Coronary | Colon_Sigmoid | Colon_Transverse | Heart_Atrial_Appendage | Heart_Left_Ventricle | Liver | Muscle_Skeletal | Pancreas | Small_Intestine_Terminal_Ileum | Stomach | Whole_Blood,https://gtexportal.org/home/gene/LEPR,GTEx median expression returned
POMC,ENSG00000115138,Pancreas,6.22939,TPM,Median (gtex_v8),14,Adipose_Subcutaneous | Adipose_Visceral_Omentum | Artery_Aorta | Artery_Coronary | Colon_Sigmoid | Colon_Transverse | Heart_Atrial_Appendage | Heart_Left_Ventricle | Liver | Muscle_Skeletal | Pancreas | Small_Intestine_Terminal_Ileum | Stomach | Whole_Blood,https://gtexportal.org/home/gene/POMC,GTEx median expression returned
PPARG,ENSG00000132170,Adipose_Subcutaneous,111.145,TPM,Median (gtex_v8),14,Adipose_Subcutaneous | Adipose_Visceral_Omentum | Artery_Aorta | Artery_Coronary | Colon_Sigmoid | Colon_Transverse | Heart_Atrial_Appendage | Heart_Left_Ventricle | Liver | Muscle_Skeletal | Pancreas | Small_Intestine_Terminal_Ileum | Stomach | Whole_Blood,https://gtexportal.org/home/gene/PPARG,GTEx median expression returned
FTO,ENSG00000140718,Artery_Aorta,8.59244,TPM,Median (gtex_v8),14,Adipose_Subcutaneous | Adipose_Visceral_Omentum | Artery_Aorta | Artery_Coronary | Colon_Sigmoid | Colon_Transverse | Heart_Atrial_Appendage | Heart_Left_Ventricle | Liver | Muscle_Skeletal | Pancreas | Small_Intestine_Terminal_Ileum | Stomach | Whole_Blood,https://gtexportal.org/home/gene/FTO,GTEx median expression returned
SH2B1,ENSG00000178188,Colon_Sigmoid,41.9289,TPM,Median (gtex_v8),14,Adipose_Subcutaneous | Adipose_Visceral_Omentum | Artery_Aorta | Artery_Coronary | Colon_Sigmoid | Colon_Transverse | Heart_Atrial_Appendage | Heart_Left_Ventricle | Liver | Muscle_Skeletal | Pancreas | Small_Intestine_Terminal_Ileum | Stomach | Whole_Blood,https://gtexportal.org/home/gene/SH2B1,GTEx median expression returned
PCSK1,ENSG00000175426,Artery_Coronary,3.85932,TPM,Median (gtex_v8),14,Adipose_Subcutaneous | Adipose_Visceral_Omentum | Artery_Aorta | Artery_Coronary | Colon_Sigmoid | Colon_Transverse | Heart_Atrial_Appendage | Heart_Left_Ventricle | Liver | Muscle_Skeletal | Pancreas | Small_Intestine_Terminal_Ileum | Stomach | Whole_Blood,https://gtexportal.org/home/gene/PCSK1,GTEx median expression returned
ADCY3,ENSG00000138031,Adipose_Subcutaneous,67.3393,TPM,Median (gtex_v8),14,Adipose_Subcutaneous | Adipose_Visceral_Omentum | Artery_Aorta | Artery_Coronary | Colon_Sigmoid | Colon_Transverse | Heart_Atrial_Appendage | Heart_Left_Ventricle | Liver | Muscle_Skeletal | Pancreas | Small_Intestine_Terminal_Ileum | Stomach | Whole_Blood,https://gtexportal.org/home/gene/ADCY3,GTEx median expression returned
GIPR,ENSG00000010310,Adipose_Visceral_Omentum,10.7711,TPM,Median (gtex_v8),14,Adipose_Subcutaneous | Adipose_Visceral_Omentum | Artery_Aorta | Artery_Coronary | Colon_Sigmoid | Colon_Transverse | Heart_Atrial_Appendage | Heart_Left_Ventricle | Liver | Muscle_Skeletal | Pancreas | Small_Intestine_Terminal_Ileum | Stomach | Whole_Blood,https://gtexportal.org/home/gene/GIPR,GTEx median expression returned
BDNF,ENSG00000176697,Artery_Aorta,2.65236,TPM,Median (gtex_v8),14,Adipose_Subcutaneous | Adipose_Visceral_Omentum | Artery_Aorta | Artery_Coronary | Colon_Sigmoid | Colon_Transverse | Heart_Atrial_Appendage | Heart_Left_Ventricle | Liver | Muscle_Skeletal | Pancreas | Small_Intestine_Terminal_Ileum | Stomach | Whole_Blood,https://gtexportal.org/home/gene/BDNF,GTEx median expression returned
SIM1,ENSG00000112246,Adipose_Subcutaneous,3.04546,TPM,Median (gtex_v8),5,Adipose_Subcutaneous | Liver | Muscle_Skeletal | Pancreas | Small_Intestine_Terminal_Ileum,https://gtexportal.org/home/gene/SIM1,GTEx median expression returned
TCF7L2,ENSG00000148737,Adipose_Subcutaneous,33.8583,TPM,Median (gtex_v8),14,Adipose_Subcutaneous | Adipose_Visceral_Omentum | Artery_Aorta | Artery_Coronary | Colon_Sigmoid | Colon_Transverse | Heart_Atrial_Appendage | Heart_Left_Ventricle | Liver | Muscle_Skeletal | Pancreas | Small_Intestine_Terminal_Ileum | Stomach | Whole_Blood,https://gtexportal.org/home/gene/TCF7L2,GTEx median expression returned
KSR2,ENSG00000171435,Pancreas,0.366528,TPM,Median (gtex_v8),14,Adipose_Subcutaneous | Adipose_Visceral_Omentum | Artery_Aorta | Artery_Coronary | Colon_Sigmoid | Colon_Transverse | Heart_Atrial_Appendage | Heart_Left_Ventricle | Liver | Muscle_Skeletal | Pancreas | Small_Intestine_Terminal_Ileum | Stomach | Whole_Blood,https://gtexportal.org/home/gene/KSR2,GTEx median expression returned
MRAP2,ENSG00000135324,Artery_Aorta,203.005,TPM,Median (gtex_v8),14,Adipose_Subcutaneous | Adipose_Visceral_Omentum | Artery_Aorta | Artery_Coronary | Colon_Sigmoid | Colon_Transverse | Heart_Atrial_Appendage | Heart_Left_Ventricle | Liver | Muscle_Skeletal | Pancreas | Small_Intestine_Terminal_Ileum | Stomach | Whole_Blood,https://gtexportal.org/home/gene/MRAP2,GTEx median expression returned
TMEM18,ENSG00000151353,Adipose_Subcutaneous,21.4933,TPM,Median (gtex_v8),14,Adipose_Subcutaneous | Adipose_Visceral_Omentum | Artery_Aorta | Artery_Coronary | Colon_Sigmoid | Colon_Transverse | Heart_Atrial_Appendage | Heart_Left_Ventricle | Liver | Muscle_Skeletal | Pancreas | Small_Intestine_Terminal_Ileum | Stomach | Whole_Blood,https://gtexportal.org/home/gene/TMEM18,GTEx median expression returned
SLC39A8,ENSG00000138821,Adipose_Visceral_Omentum,25.0267,TPM,Median (gtex_v8),14,Adipose_Subcutaneous | Adipose_Visceral_Omentum | Artery_Aorta | Artery_Coronary | Colon_Sigmoid | Colon_Transverse | Heart_Atrial_Appendage | Heart_Left_Ventricle | Liver | Muscle_Skeletal | Pancreas | Small_Intestine_Terminal_Ileum | Stomach | Whole_Blood,https://gtexportal.org/home/gene/SLC39A8,GTEx median expression returned
PDE3B,ENSG00000152270,Colon_Sigmoid,25.6482,TPM,Median (gtex_v8),14,Adipose_Subcutaneous | Adipose_Visceral_Omentum | Artery_Aorta | Artery_Coronary | Colon_Sigmoid | Colon_Transverse | Heart_Atrial_Appendage | Heart_Left_Ventricle | Liver | Muscle_Skeletal | Pancreas | Small_Intestine_Terminal_Ileum | Stomach | Whole_Blood,https://gtexportal.org/home/gene/PDE3B,GTEx median expression returned
HMGA2,ENSG00000149948,Colon_Transverse,0.6332899999999999,TPM,Median (gtex_v8),14,Adipose_Subcutaneous | Adipose_Visceral_Omentum | Artery_Aorta | Artery_Coronary | Colon_Sigmoid | Colon_Transverse | Heart_Atrial_Appendage | Heart_Left_Ventricle | Liver | Muscle_Skeletal | Pancreas | Small_Intestine_Terminal_Ileum | Stomach | Whole_Blood,https://gtexportal.org/home/gene/HMGA2,GTEx median expression returned
CALCR,ENSG00000004948,Muscle_Skeletal,0.175417,TPM,Median (gtex_v8),10,Adipose_Subcutaneous | Adipose_Visceral_Omentum | Artery_Aorta | Artery_Coronary | Colon_Sigmoid | Colon_Transverse | Heart_Atrial_Appendage | Muscle_Skeletal | Small_Intestine_Terminal_Ileum | Stomach,https://gtexportal.org/home/gene/CALCR,GTEx median expression returned
TFAP2B,ENSG00000008196,Colon_Sigmoid,0.120779,TPM,Median (gtex_v8),8,Adipose_Subcutaneous | Adipose_Visceral_Omentum | Artery_Aorta | Artery_Coronary | Colon_Sigmoid | Colon_Transverse | Heart_Atrial_Appendage | Heart_Left_Ventricle,https://gtexportal.org/home/gene/TFAP2B,GTEx median expression returned
SEC16B,ENSG00000120341,Liver,25.1391,TPM,Median (gtex_v8),14,Adipose_Subcutaneous | Adipose_Visceral_Omentum | Artery_Aorta | Artery_Coronary | Colon_Sigmoid | Colon_Transverse | Heart_Atrial_Appendage | Heart_Left_Ventricle | Liver | Muscle_Skeletal | Pancreas | Small_Intestine_Terminal_Ileum | Stomach | Whole_Blood,https://gtexportal.org/home/gene/SEC16B,GTEx median expression returned
FAIM2,ENSG00000135472,Heart_Atrial_Appendage,12.0791,TPM,Median (gtex_v8),14,Adipose_Subcutaneous | Adipose_Visceral_Omentum | Artery_Aorta | Artery_Coronary | Colon_Sigmoid | Colon_Transverse | Heart_Atrial_Appendage | Heart_Left_Ventricle | Liver | Muscle_Skeletal | Pancreas | Small_Intestine_Terminal_Ileum | Stomach | Whole_Blood,https://gtexportal.org/home/gene/FAIM2,GTEx median expression returned
ZFHX3,ENSG00000140836,Artery_Aorta,19.9794,TPM,Median (gtex_v8),14,Adipose_Subcutaneous | Adipose_Visceral_Omentum | Artery_Aorta | Artery_Coronary | Colon_Sigmoid | Colon_Transverse | Heart_Atrial_Appendage | Heart_Left_Ventricle | Liver | Muscle_Skeletal | Pancreas | Small_Intestine_Terminal_Ileum | Stomach | Whole_Blood,https://gtexportal.org/home/gene/ZFHX3,GTEx median expression returned
NRXN3,ENSG00000021645,Colon_Sigmoid,11.8758,TPM,Median (gtex_v8),14,Adipose_Subcutaneous | Adipose_Visceral_Omentum | Artery_Aorta | Artery_Coronary | Colon_Sigmoid | Colon_Transverse | Heart_Atrial_Appendage | Heart_Left_Ventricle | Liver | Muscle_Skeletal | Pancreas | Small_Intestine_Terminal_Ileum | Stomach | Whole_Blood,https://gtexportal.org/home/gene/NRXN3,GTEx median expression returned
ETV5,ENSG00000244405,Artery_Aorta,16.4571,TPM,Median (gtex_v8),14,Adipose_Subcutaneous | Adipose_Visceral_Omentum | Artery_Aorta | Artery_Coronary | Colon_Sigmoid | Colon_Transverse | Heart_Atrial_Appendage | Heart_Left_Ventricle | Liver | Muscle_Skeletal | Pancreas | Small_Intestine_Terminal_Ileum | Stomach | Whole_Blood,https://gtexportal.org/home/gene/ETV5,GTEx median expression returned
NEGR1,ENSG00000172260,Colon_Sigmoid,16.5488,TPM,Median (gtex_v8),14,Adipose_Subcutaneous | Adipose_Visceral_Omentum | Artery_Aorta | Artery_Coronary | Colon_Sigmoid | Colon_Transverse | Heart_Atrial_Appendage | Heart_Left_Ventricle | Liver | Muscle_Skeletal | Pancreas | Small_Intestine_Terminal_Ileum | Stomach | Whole_Blood,https://gtexportal.org/home/gene/NEGR1,GTEx median expression returned
NPC1,ENSG00000141458,Artery_Aorta,20.186,TPM,Median (gtex_v8),14,Adipose_Subcutaneous | Adipose_Visceral_Omentum | Artery_Aorta | Artery_Coronary | Colon_Sigmoid | Colon_Transverse | Heart_Atrial_Appendage | Heart_Left_Ventricle | Liver | Muscle_Skeletal | Pancreas | Small_Intestine_Terminal_Ileum | Stomach | Whole_Blood,https://gtexportal.org/home/gene/NPC1,GTEx median expression returned
ADCY5,ENSG00000173175,Artery_Aorta,71.7199,TPM,Median (gtex_v8),14,Adipose_Subcutaneous | Adipose_Visceral_Omentum | Artery_Aorta | Artery_Coronary | Colon_Sigmoid | Colon_Transverse | Heart_Atrial_Appendage | Heart_Left_Ventricle | Liver | Muscle_Skeletal | Pancreas | Small_Intestine_Terminal_Ileum | Stomach | Whole_Blood,https://gtexportal.org/home/gene/ADCY5,GTEx median expression returned
SPARC,ENSG00000113140,Artery_Aorta,2798.48,TPM,Median (gtex_v8),14,Adipose_Subcutaneous | Adipose_Visceral_Omentum | Artery_Aorta | Artery_Coronary | Colon_Sigmoid | Colon_Transverse | Heart_Atrial_Appendage | Heart_Left_Ventricle | Liver | Muscle_Skeletal | Pancreas | Small_Intestine_Terminal_Ileum | Stomach | Whole_Blood,https://gtexportal.org/home/gene/SPARC,GTEx median expression returned
RPTOR,ENSG00000141564,Colon_Sigmoid,18.8553,TPM,Median (gtex_v8),14,Adipose_Subcutaneous | Adipose_Visceral_Omentum | Artery_Aorta | Artery_Coronary | Colon_Sigmoid | Colon_Transverse | Heart_Atrial_Appendage | Heart_Left_Ventricle | Liver | Muscle_Skeletal | Pancreas | Small_Intestine_Terminal_Ileum | Stomach | Whole_Blood,https://gtexportal.org/home/gene/RPTOR,GTEx median expression returned
KCTD15,ENSG00000153885,Colon_Sigmoid,38.9797,TPM,Median (gtex_v8),14,Adipose_Subcutaneous | Adipose_Visceral_Omentum | Artery_Aorta | Artery_Coronary | Colon_Sigmoid | Colon_Transverse | Heart_Atrial_Appendage | Heart_Left_Ventricle | Liver | Muscle_Skeletal | Pancreas | Small_Intestine_Terminal_Ileum | Stomach | Whole_Blood,https://gtexportal.org/home/gene/KCTD15,GTEx median expression returned
DPP9,ENSG00000142002,Muscle_Skeletal,33.9693,TPM,Median (gtex_v8),14,Adipose_Subcutaneous | Adipose_Visceral_Omentum | Artery_Aorta | Artery_Coronary | Colon_Sigmoid | Colon_Transverse | Heart_Atrial_Appendage | Heart_Left_Ventricle | Liver | Muscle_Skeletal | Pancreas | Small_Intestine_Terminal_Ileum | Stomach | Whole_Blood,https://gtexportal.org/home/gene/DPP9,GTEx median expression returned
GNPDA2,ENSG00000163281,Artery_Coronary,9.20816,TPM,Median (gtex_v8),14,Adipose_Subcutaneous | Adipose_Visceral_Omentum | Artery_Aorta | Artery_Coronary | Colon_Sigmoid | Colon_Transverse | Heart_Atrial_Appendage | Heart_Left_Ventricle | Liver | Muscle_Skeletal | Pancreas | Small_Intestine_Terminal_Ileum | Stomach | Whole_Blood,https://gtexportal.org/home/gene/GNPDA2,GTEx median expression returned
ADCY9,ENSG00000162104,Artery_Aorta,40.3336,TPM,Median (gtex_v8),14,Adipose_Subcutaneous | Adipose_Visceral_Omentum | Artery_Aorta | Artery_Coronary | Colon_Sigmoid | Colon_Transverse | Heart_Atrial_Appendage | Heart_Left_Ventricle | Liver | Muscle_Skeletal | Pancreas | Small_Intestine_Terminal_Ileum | Stomach | Whole_Blood,https://gtexportal.org/home/gene/ADCY9,GTEx median expression returned
MAP2K5,ENSG00000137764,Colon_Sigmoid,15.0254,TPM,Median (gtex_v8),14,Adipose_Subcutaneous | Adipose_Visceral_Omentum | Artery_Aorta | Artery_Coronary | Colon_Sigmoid | Colon_Transverse | Heart_Atrial_Appendage | Heart_Left_Ventricle | Liver | Muscle_Skeletal | Pancreas | Small_Intestine_Terminal_Ileum | Stomach | Whole_Blood,https://gtexportal.org/home/gene/MAP2K5,GTEx median expression returned
FGF19,ENSG00000162344,Small_Intestine_Terminal_Ileum,0.195548,TPM,Median (gtex_v8),1,Small_Intestine_Terminal_Ileum,https://gtexportal.org/home/gene/FGF19,GTEx median expression returned
CCND2,ENSG00000118971,Colon_Sigmoid,76.2839,TPM,Median (gtex_v8),14,Adipose_Subcutaneous | Adipose_Visceral_Omentum | Artery_Aorta | Artery_Coronary | Colon_Sigmoid | Colon_Transverse | Heart_Atrial_Appendage | Heart_Left_Ventricle | Liver | Muscle_Skeletal | Pancreas | Small_Intestine_Terminal_Ileum | Stomach | Whole_Blood,https://gtexportal.org/home/gene/CCND2,GTEx median expression returned
LINGO2,ENSG00000174482,Stomach,0.658014,TPM,Median (gtex_v10),11,Adipose_Subcutaneous | Adipose_Visceral_Omentum | Artery_Coronary | Colon_Sigmoid | Colon_Transverse | Heart_Left_Ventricle | Liver | Pancreas | Small_Intestine_Terminal_Ileum | Stomach | Whole_Blood,https://gtexportal.org/home/gene/LINGO2,GTEx median expression returned
ANO4,ENSG00000151572,Adipose_Visceral_Omentum,0.4932979999999999,TPM,Median (gtex_v8),13,Adipose_Subcutaneous | Adipose_Visceral_Omentum | Artery_Aorta | Artery_Coronary | Colon_Sigmoid | Colon_Transverse | Heart_Atrial_Appendage | Heart_Left_Ventricle | Liver | Muscle_Skeletal | Pancreas | Small_Intestine_Terminal_Ileum | Stomach,https://gtexportal.org/home/gene/ANO4,GTEx median expression returned
UBR2,ENSG00000024048,Colon_Sigmoid,22.0395,TPM,Median (gtex_v8),14,Adipose_Subcutaneous | Adipose_Visceral_Omentum | Artery_Aorta | Artery_Coronary | Colon_Sigmoid | Colon_Transverse | Heart_Atrial_Appendage | Heart_Left_Ventricle | Liver | Muscle_Skeletal | Pancreas | Small_Intestine_Terminal_Ileum | Stomach | Whole_Blood,https://gtexportal.org/home/gene/UBR2,GTEx median expression returned
ROBO1,ENSG00000169855,Colon_Sigmoid,13.6328,TPM,Median (gtex_v8),14,Adipose_Subcutaneous | Adipose_Visceral_Omentum | Artery_Aorta | Artery_Coronary | Colon_Sigmoid | Colon_Transverse | Heart_Atrial_Appendage | Heart_Left_Ventricle | Liver | Muscle_Skeletal | Pancreas | Small_Intestine_Terminal_Ileum | Stomach | Whole_Blood,https://gtexportal.org/home/gene/ROBO1,GTEx median expression returned
ANKRD27,ENSG00000105186,Colon_Sigmoid,23.5679,TPM,Median (gtex_v8),14,Adipose_Subcutaneous | Adipose_Visceral_Omentum | Artery_Aorta | Artery_Coronary | Colon_Sigmoid | Colon_Transverse | Heart_Atrial_Appendage | Heart_Left_Ventricle | Liver | Muscle_Skeletal | Pancreas | Small_Intestine_Terminal_Ileum | Stomach | Whole_Blood,https://gtexportal.org/home/gene/ANKRD27,GTEx median expression returned
BLTP1,ENSG00000138688,Artery_Aorta,22.6275,TPM,Median (gtex_v8),14,Adipose_Subcutaneous | Adipose_Visceral_Omentum | Artery_Aorta | Artery_Coronary | Colon_Sigmoid | Colon_Transverse | Heart_Atrial_Appendage | Heart_Left_Ventricle | Liver | Muscle_Skeletal | Pancreas | Small_Intestine_Terminal_Ileum | Stomach | Whole_Blood,https://gtexportal.org/home/gene/BLTP1,GTEx median expression returned
CRTC1,ENSG00000105662,Colon_Sigmoid,12.897,TPM,Median (gtex_v8),14,Adipose_Subcutaneous | Adipose_Visceral_Omentum | Artery_Aorta | Artery_Coronary | Colon_Sigmoid | Colon_Transverse | Heart_Atrial_Appendage | Heart_Left_Ventricle | Liver | Muscle_Skeletal | Pancreas | Small_Intestine_Terminal_Ileum | Stomach | Whole_Blood,https://gtexportal.org/home/gene/CRTC1,GTEx median expression returned
MCM6,ENSG00000076003,Artery_Aorta,22.4698,TPM,Median (gtex_v8),14,Adipose_Subcutaneous | Adipose_Visceral_Omentum | Artery_Aorta | Artery_Coronary | Colon_Sigmoid | Colon_Transverse | Heart_Atrial_Appendage | Heart_Left_Ventricle | Liver | Muscle_Skeletal | Pancreas | Small_Intestine_Terminal_Ileum | Stomach | Whole_Blood,https://gtexportal.org/home/gene/MCM6,GTEx median expression returned
SYT10,ENSG00000110975,Colon_Sigmoid,1.34218,TPM,Median (gtex_v10),8,Artery_Coronary | Colon_Sigmoid | Colon_Transverse | Heart_Atrial_Appendage | Liver | Pancreas | Small_Intestine_Terminal_Ileum | Stomach,https://gtexportal.org/home/gene/SYT10,GTEx median expression returned
COBLL1,ENSG00000082438,Adipose_Subcutaneous,21.6706,TPM,Median (gtex_v8),14,Adipose_Subcutaneous | Adipose_Visceral_Omentum | Artery_Aorta | Artery_Coronary | Colon_Sigmoid | Colon_Transverse | Heart_Atrial_Appendage | Heart_Left_Ventricle | Liver | Muscle_Skeletal | Pancreas | Small_Intestine_Terminal_Ileum | Stomach | Whole_Blood,https://gtexportal.org/home/gene/COBLL1,GTEx median expression returned
