Gene,UniProt obesity annotation,Open Targets score,Significant GWAS,Prioritized PubMed,Metabolic Reactome,Relevant GTEx tissues,Prioritized ChEMBL,Relative_Evidence_Index
PPARG,1.0,0.6964593320477648,0.9108960194622046,0.8,0.8982444017039272,1.0,0.8115075629572489,0.873872473738735
ADCY3,1.0,0.7306492557269868,0.8309844388687094,1.0,0.3868528072345416,1.0,1.0,0.8497837859757482
FTO,1.0,0.8512778249115347,1.0,1.0,0.0,1.0,1.0,0.8358968321302191
TCF7L2,1.0,0.6244005954842122,0.8274935690226701,1.0,0.3868528072345416,1.0,1.0,0.8341067102487748
PCSK1,1.0,0.558807647982461,0.4149144529100074,1.0,0.8982444017039272,1.0,0.8115075629572489,0.8119248665076634
LEPR,1.0,0.572879739500279,0.5888100255031266,1.0,0.3868528072345416,1.0,0.7472217363092141,0.7565377583638802
MC4R,1.0,1.0,0.8778642916617851,1.0,0.0,0.21428571428571427,0.8671944789536634,0.708477783557309
BDNF,0.0,0.7261419976489722,0.7965796224720273,1.0,0.3868528072345416,1.0,0.8115075629572489,0.6744402843303986
GIPR,0.0,0.8986389115750749,0.7848573464735109,1.0,0.0,1.0,1.0,0.6690708940069409
POMC,1.0,0.7004783936571668,0.3668790670682369,1.0,0.6131471927654585,1.0,0.0,0.6686435219272661
RPTOR,0.0,0.3710176775498059,0.6750838728786056,0.6,1.0,1.0,1.0,0.6637287929183445
LEP,1.0,0.17455958519548856,0.48261652675618133,1.0,0.8982444017039272,1.0,0.0,0.6507743590936567
ADCY9,0.0,0.602470797606855,0.7621268319738407,0.2,0.3868528072345416,1.0,1.0,0.5644929195450339
ADCY5,0.0,0.10849497110578452,0.6356131263485686,0.3,0.7737056144690831,1.0,1.0,0.5454019588462052
SH2B1,0.0,0.282415123324273,0.6660560602902998,1.0,0.7737056144690831,1.0,0.0,0.5317395425833794
CALCR,0.0,0.4611934927725055,0.5936501864017262,0.8,0.3868528072345416,0.7142857142857143,0.7472217363092141,0.5290291338576717
KSR2,0.0,0.2796390357624106,0.4629498387517778,1.0,0.0,1.0,0.8115075629572489,0.5077280624959196
SEC16B,0.0,0.6342619884636221,0.9036034255611166,1.0,0.0,1.0,0.0,0.505409344860677
CRTC1,0.0,0.46972220704989287,0.6721285061852278,1.0,0.3868528072345416,1.0,0.0,0.5041005029242375
TMEM18,0.0,0.5408457625455564,0.9043471856289005,1.0,0.0,1.0,0.0,0.49217042116777954
MAP2K5,0.0,0.2644626722650946,0.7672648945734715,0.4,0.0,1.0,1.0,0.4902467952626523
NRXN3,0.0,0.5748853454162139,0.7754918717698566,1.0,0.0,1.0,0.0,0.4786253167408672
ETV5,0.0,0.6102092649907638,0.7140914461320703,1.0,0.0,1.0,0.0,0.4749001015889763
FAIM2,0.0,0.5685547952625064,0.723119258720376,1.0,0.0,1.0,0.0,0.47023915056898324
NPC1,0.0,0.40866392405066143,0.6498322542427888,0.2,0.0,1.0,1.0,0.46549945404192145
MRAP2,1.0,0.25690251709410483,0.0,1.0,0.0,1.0,0.0,0.46527178815630066
SLC39A8,0.0,0.6319123550939796,0.7863684324348256,0.8,0.0,1.0,0.0,0.4597543982184007
NEGR1,0.0,0.6673716604337814,0.4730725658151821,1.0,0.0,1.0,0.0,0.44863488946413765
MC3R,1.0,0.10699501364846409,0.0,1.0,0.0,0.0,0.9602525677891275,0.43817822591965594
TFAP2B,0.0,0.6437951061066897,0.7908213325665501,1.0,0.0,0.5714285714285714,0.0,0.4294350014431159
GNPDA2,0.0,0.5984508667949519,0.0,1.0,0.3868528072345416,1.0,0.0,0.4264719534327848
PDE3B,0.0,0.12906327687723348,0.5083556606555129,0.6,0.0,1.0,0.5781296526357756,0.40222122716693176
CCND2,0.0,0.021678181956726883,0.5936501864017262,0.3,0.0,1.0,0.8671944789536634,0.39750326390173096
GPR75,0.0,0.08079185166378475,0.2314749193758889,1.0,0.0,1.0,0.45815690999132624,0.3957748115758571
KCTD15,0.0,0.05965628680408036,0.6280220983034479,1.0,0.0,1.0,0.0,0.3839540550153612
MCM6,0.0,0.2022150044301877,0.5306519125979519,0.2,0.0,1.0,0.7472217363092141,0.3828698076196219
COBLL1,0.0,0.08368128520864146,0.9556890925713634,0.6,0.0,1.0,0.0,0.37705291111142925
SIM1,0.0,0.5867765078860321,0.6944247581276667,1.0,0.0,0.35714285714285715,0.0,0.37690630330807945
ZFHX3,0.0,0.5870846602833648,0.6428740033041462,0.3,0.0,1.0,0.0,0.36142266622678726
LINGO2,0.0,0.5391972385528323,0.8153002804152419,0.2,0.0,0.7857142857142857,0.0,0.33431597209748
ROBO1,0.0,0.0,0.4406535868093388,0.8,0.0,1.0,0.0,0.32009336954419126
DPP9,0.0,0.012215719992943085,0.0,0.1,0.0,1.0,0.9163138199826525,0.28978993428222793
SPARC,0.0,0.09537534892542412,0.3249161271213944,0.6,0.0,1.0,0.0,0.28861306800668834
HMGA2,0.0,0.015796117269269275,0.6463893722858963,0.3,0.0,1.0,0.0,0.2803122127935951
UBR2,0.0,0.005386672269587392,0.18343953353411846,0.1,0.0,1.0,0.5781296526357756,0.2667079797770688
SYT10,0.0,0.19823700554625626,0.48261652675618133,0.0,0.3868528072345416,0.5714285714285714,0.0,0.2341621301379358
FGF19,0.0,0.06603265092019082,0.40038582750523466,0.5,0.3868528072345416,0.07142857142857142,0.0,0.20352855101264836
ANKRD27,0.0,0.0,0.18343953353411846,0.0,0.0,1.0,0.0,0.16906279050487408
BLTP1,0.0,0.02004343170079052,0.0,0.0,0.0,1.0,0.0,0.14572049024297007
ANO4,0.0,0.0045097721326778665,0.0,0.0,0.0,0.9285714285714286,0.0,0.13329731438630094
