Gene,Protein,UniProt_ID,Ensembl_ID,UniProt_Reviewed,Function,UniProt_Obesity_Metabolic_Annotation,OpenTargets_Obesity_Association_Score,GWAS_Significant_Association_Count,GWAS_Study_Count,GWAS_Top_Trait,GWAS_Top_P_Value,GWAS_Largest_Sample_Size,GWAS_Ancestry,GWAS_Top_Variant,PubMed_Prioritized_Paper_Count,PubMed_Top_Relevance_Score,PubMed_Top_Paper,Reactome_Metabolic_Pathway_Count,Reactome_Metabolic_Pathways,GTEx_Obesity_Tissue_Count,GTEx_Tissue_Coverage,GTEx_Highest_Obesity_Tissue,GTEx_Expression_Value,GTEx_Expression_Unit,ChEMBL_Prioritized_Compound_Count,ChEMBL_Obesity_Indication_Compound_Count,ChEMBL_Obesity_Indication_Compounds,Obesity_Evidence_Domain_Count,Relative_Evidence_Index
PPARG,Peroxisome proliferator-activated receptor gamma,P37231,ENSG00000132170,True,"Ligand-activated transcription factor that forms obligate heterodimers with the retinoic acid receptor and acts as a key regulator of biological processes, such as adipocyte differentiation, lipid metabolism, glucose homeostasis and beta-oxidation of fatty acids (PubMed:16150867, PubMed:20829347, PubMed:23525231, PubMed:8702406, PubMed:8706692, PubMed:9065481). Activated by lipid ligands: binds peroxisome proliferators, such as hypolipidemic drugs, and fatty acids, such as prostaglandin J2 metabolites (PubMed:16150867, PubMed:20829347, PubMed:23525231, PubMed:8702406, PubMed:8706692, PubMed:9065481). Ligand-binding results in a conformational change in the receptor, promoting dissociation of repressors and recruitment of coactivators, and subsequent activation of target gene expression (PubMed:16150867, PubMed:20829347, PubMed:23525231, PubMed:8702406, PubMed:8706692, PubMed:9065481). Specifically binds to DNA specific PPAR response elements (PPRE) and modulates the transcription of its target genes, such as acyl-CoA oxidase (By similarity). Acts as a critical regulator of gut homeostasis by suppressing NF-kappa-B-mediated pro-inflammatory responses (PubMed:20829347). Plays a role in the regulation of cardiovascular circadian rhythms by regulating the transcription of BMAL1 in the blood vessels (By similarity); Nuclear receptor that acts as the key factor controlling the development of adipocytes (By similarity). Specifically activated by 15-deoxy-delta12,14-prostaglandin J2 ligand during early adipogenesis, driving differentiation of all types of adipocytes (white, beige and brown) (By similarity). Acts together with retinoic acid receptor RXRA, forming the ARF6 complex, which acts as a key regulator of the tissue-specific adipocyte P2 (aP2) enhancer (By similarity). Following recruitment of TLE3, promotes differentiation of white adipocytes (By similarity). Following recruitment of PRDM16, promotes differentiation of myoblastic precursors into brown adipose cells (BAT), which are specialized in dissipating energy in the form of heat in response to cold or excess feeding (By similarity). Also mediates diffentiation of white adipocytes into beige adipocytes by mediating recruitment of PRDM16 (By similarity); (Microbial infection) Upon treatment with M.tuberculosis or its lipoprotein LpqH, phosphorylation of MAPK p38 and IL-6 production are modulated, probably via this protein","Obesity: A condition characterized by an increase of body weight beyond the limitation of skeletal and physical requirements, as the result of excessive accumulation of body fat.; Lipodystrophy, familial partial, 3: An autosomal dominant form of lipodystrophy characterized by marked loss of subcutaneous fat from the extremities. Facial adipose tissue may be increased, decreased or normal. Affected individuals show an increased preponderance of insulin resistance, diabetes mellitus and dyslipidemia.; Glioma 1: Gliomas are benign or malignant central nervous system neoplasms derived from glial cells. They comprise astrocytomas and glioblastoma multiforme that are derived from astrocytes, oligodendrogliomas derived from oligodendrocytes and ependymomas derived from ependymocytes.",0.5707546438253758,233,97,Sex hormone-binding globulin levels adjusted for BMI,2.9999999999999997e-67,389354.0,European ancestry individuals,rs1801282,8,64.0,PPARG and FTO polymorphism can modulate the outcomes of a central European diet and a Mediterranean diet in centrally obese postmenopausal women.,4,PPARA activates gene expression; Transcriptional regulation of white adipocyte differentiation; MLL4 and MLL3 complexes regulate expression of PPARG target genes in adipogenesis and hepatic steatosis; Transcriptional regulation of brown and beige adipocyte differentiation by EBF2,14,14/14,Adipose_Subcutaneous,111.145,TPM,6,0,,7,0.874
ADCY3,Adenylate cyclase type 3,O60266,ENSG00000138031,True,Catalyzes the formation of the signaling molecule cAMP in response to G protein signaling (PubMed:29311635). Participates in signaling cascades triggered by odorant receptors via its function in cAMP biosynthesis: specifically activated by G alpha protein GNAL/G(olf) in olfactory epithelium (By similarity). Mediates signaling cascades in primary cilia: specifically activated by G alpha protein GNAS/G(s) in primary cilia (PubMed:29311635). Plays a role in regulating food intake and body fat accumulation in the paraventricular nucleus of the hypothalamus (PVH) by acting downstream of MC4R activation (PubMed:29311635). Required for normal sperm motility and normal male fertility (By similarity),"Obesity: A condition characterized by an increase of body weight beyond the limitation of skeletal and physical requirements, as the result of excessive accumulation of body fat.",0.5987735916863729,144,121,Childhood body mass index,1e-117,1122049.0,European ancestry individuals,rs6749422,10,78.0,Molecular modelling of novel ADCY3 variant predicts a molecular target for tackling obesity.,1,Glucagon signaling in metabolic regulation,14,14/14,Adipose_Subcutaneous,67.3393,TPM,10,0,,7,0.85
FTO,Alpha-ketoglutarate-dependent dioxygenase FTO,Q9C0B1,ENSG00000140718,True,"RNA demethylase that mediates oxidative demethylation of different RNA species, such as mRNAs, tRNAs and snRNAs, and acts as a regulator of fat mass, adipogenesis and energy homeostasis (PubMed:22002720, PubMed:25452335, PubMed:26457839, PubMed:26458103, PubMed:28002401, PubMed:30197295). Specifically demethylates N(6)-methyladenosine (m6A) RNA, the most prevalent internal modification of messenger RNA (mRNA) in higher eukaryotes (PubMed:22002720, PubMed:25452335, PubMed:26457839, PubMed:26458103, PubMed:30197295). M6A demethylation by FTO affects mRNA expression and stability (PubMed:30197295). Also able to demethylate m6A in U6 small nuclear RNA (snRNA) (PubMed:30197295). Mediates demethylation of N(6),2'-O-dimethyladenosine cap (m6A(m)), by demethylating the N(6)-methyladenosine at the second transcribed position of mRNAs and U6 snRNA (PubMed:28002401, PubMed:30197295). Demethylation of m6A(m) in the 5'-cap by FTO affects mRNA stability by promoting susceptibility to decapping (PubMed:28002401). Also acts as a tRNA demethylase by removing N(1)-methyladenine from various tRNAs (PubMed:30197295). Has no activity towards 1-methylguanine (PubMed:20376003). Has no detectable activity towards double-stranded DNA (PubMed:20376003). Also able to repair alkylated DNA and RNA by oxidative demethylation: demethylates single-stranded RNA containing 3-methyluracil, single-stranded DNA containing 3-methylthymine and has low demethylase activity towards single-stranded DNA containing 1-methyladenine or 3-methylcytosine (PubMed:18775698, PubMed:20376003). Ability to repair alkylated DNA and RNA is however unsure in vivo (PubMed:18775698, PubMed:20376003). Involved in the regulation of fat mass, adipogenesis and body weight, thereby contributing to the regulation of body size and body fat accumulation (PubMed:18775698, PubMed:20376003). Involved in the regulation of thermogenesis and the control of adipocyte differentiation into brown or white fat cells (PubMed:26287746). Regulates activity of the dopaminergic midbrain circuitry via its ability to demethylate m6A in mRNAs (By similarity). Plays an oncogenic role in a number of acute myeloid leukemias by enhancing leukemic oncogene-mediated cell transformation: acts by mediating m6A demethylation of target transcripts such as MYC, CEBPA, ASB2 and RARA, leading to promote their expression (PubMed:28017614, PubMed:29249359)","Growth retardation, developmental delay, and facial dysmorphism: A severe polymalformation syndrome characterized by postnatal growth retardation, microcephaly, severe psychomotor delay, functional brain deficits and characteristic facial dysmorphism. In some patients, structural brain malformations, cardiac defects, genital anomalies, and cleft palate are observed. Early death occurs by the age of 3 years.; Obesity: A condition characterized by an increase of body weight beyond the limitation of skeletal and physical requirements, as the result of excessive accumulation of body fat.",0.6976297816632623,398,246,Body mass index or osteoarthritis (pleiotropy),0.0,1633524.0,"European ancestry BMI individuals, 177,517 European ancestry osteoarthritis cases, 649,173 European ancestry controls",rs55872725,10,98.0,FTO effect on energy demand versus food intake.,0,,14,14/14,Artery_Aorta,8.59244,TPM,10,0,,6,0.836
TCF7L2,Transcription factor 7-like 2,Q9NQB0,ENSG00000148737,True,"Participates in the Wnt signaling pathway and modulates MYC expression by binding to its promoter in a sequence-specific manner. Acts as a repressor in the absence of CTNNB1, and as activator in its presence. Activates transcription from promoters with several copies of the Tcf motif 5'-CCTTTGATC-3' in the presence of CTNNB1. TLE1, TLE2, TLE3 and TLE4 repress transactivation mediated by TCF7L2/TCF4 and CTNNB1. Expression of dominant-negative mutants results in cell-cycle arrest in G1. Necessary for the maintenance of the epithelial stem-cell compartment of the small intestine","Type 2 diabetes mellitus: A multifactorial disorder of glucose homeostasis caused by a lack of sensitivity to insulin. Affected individuals usually have an obese body habitus and manifestations of a metabolic syndrome characterized by diabetes, insulin resistance, hypertension and hypertriglyceridemia. The disease results in long-term complications that affect the eyes, kidneys, nerves, and blood vessels.",0.5117018655376461,141,112,Type 2 diabetes mellitus adjusted for BMI or coronary artery disease (pleiotropy),1.9999999999999998e-218,1739998.0,"European ancestry type 2 diabetes adjusted for BMI cases, 181,522 European ancestry coronary artery disease cases, 1,508,065 European ancestry controls",rs35519679,10,60.0,"ADRB3, LEPR, FTO and PPARG variants contribute to obesity-related metabolic syndrome in Brazilian adults: a polygenic risk score approach.",1,"Synthesis, secretion, and inactivation of Glucagon-like Peptide-1 (GLP-1)",14,14/14,Adipose_Subcutaneous,33.8583,TPM,10,0,,7,0.834
PCSK1,Neuroendocrine convertase 1,P29120,ENSG00000175426,True,"Involved in the processing of hormone and other protein precursors at sites comprised of pairs of basic amino acid residues. Substrates include POMC, renin, oxytocin, vasopressin, enkephalin, dynorphin, somatostatin, insulin and AGRP","Proprotein convertase 1 deficiency: Characterized by obesity, hypogonadism, hypoadrenalism, reactive hypoglycemia as well as marked small-intestinal absorptive dysfunction It is due to impaired processing of prohormones.",0.4579478591425518,11,11,Body mass index,1.9999999999999998e-25,1122049.0,European ancestry individuals,rs6234,10,60.0,A novel mutation in the mouse Pcsk1 gene showing obesity and diabetes.,4,"Insulin processing; Synthesis, secretion, and inactivation of Glucagon-like Peptide-1 (GLP-1); Synthesis, secretion, and inactivation of Glucose-dependent Insulinotropic Polypeptide (GIP); Synthesis, secretion, and deacylation of Ghrelin",14,14/14,Artery_Coronary,3.85932,TPM,6,0,,7,0.812
LEPR,Leptin receptor,P48357,ENSG00000116678,True,"Receptor for hormone LEP/leptin (Probable) (PubMed:22405007). On ligand binding, mediates LEP central and peripheral effects through the activation of different signaling pathways such as JAK2/STAT3 and MAPK cascade/FOS. In the hypothalamus, LEP acts as an appetite-regulating factor that induces a decrease in food intake and an increase in energy consumption by inducing anorexinogenic factors and suppressing orexigenic neuropeptides, also regulates bone mass and secretion of hypothalamo-pituitary-adrenal hormones (By similarity) (PubMed:9537324). In the periphery, increases basal metabolism, influences reproductive function, regulates pancreatic beta-cell function and insulin secretion, is pro-angiogenic and affects innate and adaptive immunity (PubMed:12504075, PubMed:25060689, PubMed:8805376). Control of energy homeostasis and melanocortin production (stimulation of POMC and full repression of AgRP transcription) is mediated by STAT3 signaling, whereas distinct signals regulate NPY and the control of fertility, growth and glucose homeostasis. Involved in the regulation of counter-regulatory response to hypoglycemia by inhibiting neurons of the parabrachial nucleus. Has a specific effect on T lymphocyte responses, differentially regulating the proliferation of naive and memory T -ells. Leptin increases Th1 and suppresses Th2 cytokine production (By similarity); May transport LEP across the blood-brain barrier. Binds LEP and mediates LEP endocytosis. Does not induce phosphorylation of and activate STAT3; Antagonizes Isoform A and isoform B-mediated LEP binding and endocytosis","Leptin receptor deficiency: A rare disease characterized by normal levels of serum leptin, hyperphagia and severe obesity from an early age. Additional features include alterations in immune function, and delayed puberty due to hypogonadotropic hypogonadism.",0.4694800638421645,33,28,BMI at 6 months old,6e-34,24551.0,European ancestry individuals,rs2767486,10,72.0,"ADRB3, LEPR, FTO and PPARG variants contribute to obesity-related metabolic syndrome in Brazilian adults: a polygenic risk score approach.",1,Signaling by Leptin,14,14/14,Liver,11.4446,TPM,5,2,METRELEPTIN; OLANZAPINE,7,0.757
MC4R,Melanocortin receptor 4,P32245,ENSG00000166603,True,"G protein-coupled receptor that binds melanocyte-stimulating hormones (alpha- and beta-MSH) and corticotropin/ACTH, which are peptide products of the POMC precursor (PubMed:12646665, PubMed:14764818, PubMed:25163632, PubMed:32327598, PubMed:33858992, PubMed:8392067). Functions as a central component of the leptin-melanocortin pathway, which is essential for maintaining energy homeostasis (PubMed:32327598, PubMed:33858992). Upon activation, couples to G(s) protein, stimulating adenylate cyclase and the cAMP-dependent signaling pathway, which promotes anorexogenic signaling in the hypothalamus and contributes to a negative energy balance (PubMed:12588803, PubMed:14764818, PubMed:25163632, PubMed:33858992). Regulates food intake: activation by agonists suppresses appetite, whereas the antagonist Agouti-related protein/AGRP precludes agonist-induced signaling, thereby stimulating appetite (PubMed:9311920, PubMed:29311635). Modulates the firing activity of neurons in paraventricular nucleus (PVN) of the hypothalamus via alpha-MSH and AGRP regulation of inwardly rectifying potassium channel KCNJ13 closure, independently of G(s) signaling (PubMed:32327598). In the PVN, also interacts with opsin 3/OPN3, which couples to G(i/o) proteins to inhibit MC4R-mediated cAMP signaling, thereby promoting food intake (PubMed:39951488). In intestinal epithelial cells, contributes to inhibition of hepatic glucose production via nesfatin-1/NUCB2, leading to increased cAMP levels and glucagon-like peptide 1 (GLP-1) secretion (PubMed:39562740). Interaction with MGRN1 displaces the G(s) protein, further decreasing MC4R signaling activity (PubMed:19737927). Also activated by gamma-MSH, though with low potency (PubMed:8392067)","Obesity: A condition characterized by an increase of body weight beyond the limitation of skeletal and physical requirements, as the result of excessive accumulation of body fat.",0.8195089326281468,191,109,Body mass index,2e-213,1122049.0,European ancestry individuals,rs571312,10,81.0,A human obesity-associated MC4R mutation with defective Gq/11α signaling leads to hyperphagia in mice.,0,,3,3/14,Stomach,0.0531346,TPM,7,2,SETMELANOTIDE; SETMELANOTIDE ACETATE,6,0.708
BDNF,Neurotrophic factor BDNF precursor form,P23560,ENSG00000176697,True,"Important signaling molecule that activates signaling cascades downstream of NTRK2 (PubMed:11152678). During development, promotes the survival and differentiation of selected neuronal populations of the peripheral and central nervous systems. Participates in axonal growth, pathfinding and in the modulation of dendritic growth and morphology. Major regulator of synaptic transmission and plasticity at adult synapses in many regions of the CNS. The versatility of BDNF is emphasized by its contribution to a range of adaptive neuronal responses including long-term potentiation (LTP), long-term depression (LTD), certain forms of short-term synaptic plasticity, as well as homeostatic regulation of intrinsic neuronal excitability; Important signaling molecule that activates signaling cascades downstream of NTRK2. Activates signaling cascades via the heterodimeric receptor formed by NGFR and SORCS2 (PubMed:24908487, PubMed:29909994). Signaling via NGFR and SORCS2 plays a role in synaptic plasticity and long-term depression (LTD). Binding to NGFR and SORCS2 promotes neuronal apoptosis. Promotes neuronal growth cone collapse (By similarity)","axon guidance; brain-derived neurotrophic factor receptor signaling pathway; cell surface receptor protein tyrosine kinase signaling pathway; circadian rhythm; collateral sprouting; modulation of chemical synaptic transmission; negative regulation of apoptotic signaling pathway; negative regulation of myotube differentiation; negative regulation of neuron apoptotic process; nerve development; nerve growth factor signaling pathway; nervous system development; neuron projection morphogenesis; positive regulation of brain-derived neurotrophic factor receptor signaling pathway; positive regulation of collateral sprouting; positive regulation of neuron projection development; positive regulation of synapse assembly; regulation of protein localization to cell surface; synapse assembly; trans-synaptic signaling by BDNF, modulating synaptic transmission",0.5950798534297795,117,91,Body mass index,8e-135,1122049.0,European ancestry individuals,rs6265,10,66.5,High-Intensity Interval Training Improves Memory Deficits in Obese Mice by Enhancing Osteocalcin-Driven Astrocytic BDNF Expression and Stimulating Hippocampal Neurogenesis.,1,PIP3 activates AKT signaling,14,14/14,Artery_Aorta,2.65236,TPM,6,0,,6,0.674
POMC,Pro-opiomelanocortin,P01189,ENSG00000115138,True,"Precursor protein of pituitary hormones that are involved in diverse physiological processes, including the regulation of energy balance, stress response, immune function and skin pigmentation; Functions as a ligand for the melanocortin receptors MC1R, MC2R, MC3R and MC5R (PubMed:8396929, PubMed:8463333, PubMed:8636348). Activation of MC1R increases melanogenesis in melanocytes found in the skin and hair (PubMed:9620771). Binding to MC2R stimulates the adrenal glands to secrete cortisol (PubMed:8636348). Contributes to the regulation of energy homeostasis through activation of MC3R (Probable). Involved in the regulation exocrine gland function through MC5R activation (By similarity); Serves as a ligand for the melanocortin receptors MC1R, MC3R, MC4R and MC5R (PubMed:8392067, PubMed:8396929, PubMed:8463333). Activation of MC1R promotes melanogenesis in melanocytes of the skin and hair (PubMed:10403794, PubMed:9620771). Contributes to the regulation of energy homeostasis through activation of MC3R (Probable). Through MC4R activation, functions as an anorexigenic peptide (PubMed:8392067). Promotes immunosuppression and involved in the regulation exocrine gland function through MC5R activation (By similarity); Functions as a ligand for the melanocortin receptors MC1R, MC3R, MC4R and MC5R (PubMed:8396929, PubMed:8463333). Activation of MC1R increases melanogenesis in melanocytes found in the skin and hair (Probable). Contributes to the regulation of energy homeostasis through activation of MC3R (Probable). Through MC4R activation, functions as an anorexigenic peptide (PubMed:8392067). Involved in the regulation exocrine gland function through MC5R activation (By similarity); Functions as a ligand for the melanocortin receptors MC1R, MC3R, MC4R and MC5R (PubMed:8396929, PubMed:8463333). Activation of MC1R increases melanogenesis in melanocytes found in the skin and hair (Probable). Contributes to the regulation of energy homeostasis through activation of MC3R (Probable). Binds to MC4R with low potency (PubMed:8392067). Involved in the regulation exocrine gland function through MC5R activation (By similarity); Endogenous orexigenic opiate; Endogenous opiate","Obesity: A condition characterized by an increase of body weight beyond the limitation of skeletal and physical requirements, as the result of excessive accumulation of body fat.; Obesity, early-onset, with adrenal insufficiency and red hair: An autosomal recessive disorder characterized by early-onset obesity due to severe hyperphagia, pigmentary abnormalities, mainly pale skin and red hair, and secondary hypocortisolism.",0.5740483007150636,8,9,Weight,5e-27,928679.0,"East Asian ancestry individuals, 420,829 European ancestry individuals",rs934778,10,86.0,Loss of hypothalamic Furin affects POMC to proACTH cleavage and feeding behavior in high-fat diet-fed mice.,2,"Defective ACTH causes obesity and POMCD; FOXO-mediated transcription of oxidative stress, metabolic and neuronal genes",14,14/14,Pancreas,6.22939,TPM,0,0,,6,0.669
GIPR,Gastric inhibitory polypeptide receptor,P48546,ENSG00000010310,True,This is a receptor for GIP. The activity of this receptor is mediated by G proteins which activate adenylyl cyclase,activation of adenylate cyclase activity; adenylate cyclase-activating G protein-coupled receptor signaling pathway; adenylate cyclase-modulating G protein-coupled receptor signaling pathway; cell surface receptor signaling pathway; desensitization of G protein-coupled receptor signaling pathway; gastric inhibitory peptide signaling pathway; generation of precursor metabolites and energy; positive regulation of cytosolic calcium ion concentration; positive regulation of insulin secretion; regulation of insulin secretion; response to axon injury; response to calcium ion; response to fatty acid; response to glucose; response to nutrient,0.7364426152430092,109,99,Body mass index,4e-111,928679.0,"East Asian ancestry individuals, 420,829 European ancestry individuals",rs35560038,10,86.5,Publisher Correction: GIPR agonism and antagonism decrease body weight and food intake via different mechanisms in male mice.,0,,14,14/14,Adipose_Visceral_Omentum,10.7711,TPM,10,2,TIRZEPATIDE; RETATRUTIDE,5,0.669
RPTOR,Regulatory-associated protein of mTOR,Q8N122,ENSG00000141564,True,"Component of the mechanistic target of rapamycin complex 1 (mTORC1), an evolutionarily conserved central nutrient sensor that stimulates anabolic reactions and macromolecule biosynthesis to promote cellular biomass generation and growth (PubMed:12150925, PubMed:12150926, PubMed:12747827, PubMed:24403073, PubMed:26588989, PubMed:32561715, PubMed:37541260). In response to nutrients, growth factors or amino acids, mTORC1 is recruited to the lysosome membrane and promotes protein, lipid and nucleotide synthesis by phosphorylating several substrates, such as ribosomal protein S6 kinase (RPS6KB1 and RPS6KB2) and EIF4EBP1 (4E-BP1) (PubMed:12150925, PubMed:12150926, PubMed:12747827, PubMed:24403073, PubMed:26588989, PubMed:37541260). In the same time, it inhibits catabolic pathways by phosphorylating the autophagy initiation components ULK1 and ATG13, as well as transcription factor TFEB, a master regulators of lysosomal biogenesis and autophagy (PubMed:12150925, PubMed:12150926, PubMed:12747827, PubMed:24403073, PubMed:32561715, PubMed:37541260). The mTORC1 complex is inhibited in response to starvation and amino acid depletion (PubMed:12150925, PubMed:12150926, PubMed:12747827, PubMed:24403073, PubMed:37541260). Within the mTORC1 complex, RPTOR acts both as a molecular adapter, which (1) mediates recruitment of mTORC1 to lysosomal membranes via interaction with small GTPases Rag (RagA/RRAGA, RagB/RRAGB, RagC/RRAGC and/or RagD/RRAGD), and a (2) substrate-specific adapter, which promotes substrate specificity by binding to TOS motif-containing proteins and direct them towards the active site of the MTOR kinase domain for phosphorylation (PubMed:12747827, PubMed:24403073, PubMed:26588989, PubMed:37541260). mTORC1 complex regulates many cellular processes, such as odontoblast and osteoclast differentiation or neuronal transmission (By similarity). mTORC1 complex in excitatory neuronal transmission is required for the prosocial behavior induced by the psychoactive substance lysergic acid diethylamide (LSD) (By similarity)",cellular response to amino acid stimulus; cellular response to glucose stimulus; cellular response to hypoxia; cellular response to L-leucine; cellular response to nutrient levels; cellular response to osmotic stress; cellular response to starvation; DNA damage response; negative regulation of autophagy; positive regulation of cell growth; positive regulation of endothelial cell proliferation; positive regulation of G1/S transition of mitotic cell cycle; positive regulation of glycolytic process; positive regulation of lipid biosynthetic process; positive regulation of odontoblast differentiation; positive regulation of osteoclast differentiation; positive regulation of pentose-phosphate shunt; positive regulation of TOR signaling; positive regulation of transcription by RNA polymerase III; regulation of cell growth; regulation of cell size; response to xenobiotic stimulus; social behavior; TOR signaling; TORC1 signaling,0.3040523009150154,56,48,"Weight (maximum, inv-normal transformed)",1e-41,425541.0,European ancestry individuals,rs11150745,6,57.0,RPTOR Is an Alzheimer's Disease Susceptibility Gene Associated with the Risk Factors Body Mass Index and Infectious Encephalitis.,5,Macroautophagy; MTOR signalling; mTORC1-mediated signalling; TP53 Regulates Metabolic Genes; Amino acids regulate mTORC1,14,14/14,Colon_Sigmoid,18.8553,TPM,10,0,,6,0.664
LEP,Leptin,P41159,ENSG00000174697,True,"Key player in the regulation of energy balance and body weight control. Once released into the circulation, has central and peripheral effects by binding LEPR, found in many tissues, which results in the activation of several major signaling pathways (PubMed:15899045, PubMed:17344214, PubMed:19688109). In the hypothalamus, acts as an appetite-regulating factor that induces a decrease in food intake and an increase in energy consumption by inducing anorexinogenic factors and suppressing orexigenic neuropeptides, also regulates bone mass and secretion of hypothalamo-pituitary-adrenal hormones. In the periphery, increases basal metabolism, influences reproductive function, regulates pancreatic beta-cell function and insulin secretion, is pro-angiogenic for endothelial cell and affects innate and adaptive immunity (By similarity) (PubMed:11460888, PubMed:19688109, PubMed:24340098, PubMed:25060689, PubMed:8589726). In the arcuate nucleus of the hypothalamus, activates by depolarization POMC neurons inducing FOS and SOCS3 expression to release anorexigenic peptides and inhibits by hyperpolarization NPY neurons inducing SOCS3 with a consequent reduction on release of orexigenic peptides (By similarity). In addition to its known satiety inducing effect, has a modulatory role in nutrient absorption. In the intestine, reduces glucose absorption by enterocytes by activating PKC and leading to a sequential activation of p38, PI3K and ERK signaling pathways which exerts an inhibitory effect on glucose absorption (PubMed:24340098). Acts as a growth factor on certain tissues, through the activation of different signaling pathways increases expression of genes involved in cell cycle regulation such as CCND1, via JAK2-STAT3 pathway, or VEGFA, via MAPK1/3 and PI3K-AKT1 pathways (By similarity) (PubMed:17344214). May also play an apoptotic role via JAK2-STAT3 pathway and up-regulation of BIRC5 expression (PubMed:18242580). Pro-angiogenic, has mitogenic activity on vascular endothelial cells and plays a role in matrix remodeling by regulating the expression of matrix metalloproteinases (MMPs) and tissue inhibitors of metalloproteinases (TIMPs) (PubMed:11460888). In innate immunity, modulates the activity and function of neutrophils by increasing chemotaxis and the secretion of oxygen radicals. Increases phagocytosis by macrophages and enhances secretion of pro-inflammatory mediators. Increases cytotoxic ability of NK cells (PubMed:12504075). Plays a pro-inflammatory role, in synergy with IL1B, by inducing NOS2 which promotes the production of IL6, IL8 and Prostaglandin E2, through a signaling pathway that involves JAK2, PI3K, MAP2K1/MEK1 and MAPK14/p38 (PubMed:15899045, PubMed:19688109). In adaptive immunity, promotes the switch of memory T-cells towards T helper-1 cell immune responses (By similarity). Increases CD4(+)CD25(-) T-cell proliferation and reduces autophagy during TCR (T-cell receptor) stimulation, through MTOR signaling pathway activation and BCL2 up-regulation (PubMed:25060689)","Leptin deficiency: A rare disease characterized by low levels of serum leptin, severe hyperphagia and intractable obesity from an early age.",0.1430531393435669,17,20,circulating leptin levels adjusted for BMI,1.0000000000000001e-23,56708.0,"European ancestry, African American or Afro-Caribbean, East Asian ancestry, Hispanic or Latin American individuals",rs791600,10,76.0,Reduced appetite and body mass index with delayed puberty in a mother and son: association with a rare novel sequence variant in the leptin gene.,4,"Signaling by Leptin; Transcriptional regulation of white adipocyte differentiation; Synthesis, secretion, and inactivation of Glucagon-like Peptide-1 (GLP-1); Synthesis, secretion, and deacylation of Ghrelin",14,14/14,Adipose_Subcutaneous,198.827,TPM,0,0,,6,0.651
ADCY9,Adenylate cyclase type 9,O60503,ENSG00000162104,True,"Adenylyl cyclase that catalyzes the formation of the signaling molecule cAMP in response to activation of G protein-coupled receptors (PubMed:10987815, PubMed:12972952, PubMed:15879435, PubMed:9628827). Contributes to signaling cascades activated by CRH (corticotropin-releasing factor), corticosteroids and beta-adrenergic receptors (PubMed:9628827)",adenylate cyclase-activating adrenergic receptor signaling pathway; adenylate cyclase-activating G protein-coupled receptor signaling pathway; cAMP biosynthetic process; cellular response to glucagon stimulus; intracellular signal transduction; renal water homeostasis; signal transduction; vascular endothelial cell response to laminar fluid shear stress,0.493730200286422,95,90,"Weight (maximum, inv-normal transformed)",4e-96,928679.0,"East Asian ancestry individuals, 420,829 European ancestry individuals",rs879620,2,47.0,Genome-wide meta-analysis identifies 11 new loci for anthropometric traits and provides insights into genetic architecture.,1,Glucagon signaling in metabolic regulation,14,14/14,Artery_Aorta,40.3336,TPM,10,0,,6,0.564
ADCY5,Adenylate cyclase type 5,O95622,ENSG00000173175,True,"Catalyzes the formation of the signaling molecule cAMP in response to G protein signaling (PubMed:15385642, PubMed:24700542, PubMed:26206488). Mediates signaling downstream of ADRB1 (PubMed:24700542). Regulates the increase of free cytosolic Ca(2+) in response to increased blood glucose levels and contributes to the regulation of Ca(2+)-dependent insulin secretion (PubMed:24740569)","Dyskinesia with orofacial involvement, autosomal recessive: An autosomal recessive disorder characterized by abnormal involuntary movements mainly affecting the limbs and causing walking difficulties, oro-facial dyskinesia, and speech delay. Some patients develop neuropsychiatric features. Cardiomyopathy has rarely been described and may be a manifestation of the disorder.; Dyskinesia with orofacial involvement, autosomal dominant: A disorder characterized by predominantly perioral and periorbital myokymia, and face, neck and upper limb dystonic/choreic movements. Initially paroxysmal and worsened by stress, the dyskinetic episodes become nearly constant by the end of the third decade of life, but in some individuals, they may diminish in frequency and severity at older ages.; Neurodevelopmental disorder with hyperkinetic movements and dyskinesia: An autosomal recessive disorder characterized by severe global developmental delay, axial hypotonia, impaired intellectual development, poor overall growth, and abnormal involuntary hyperkinetic movements.",0.0889125979664231,44,43,Sex hormone-binding globulin levels adjusted for BMI and heel estimated bone mineral density,1.0000000000000001e-23,1122049.0,European ancestry individuals,rs11719201,3,72.0,ADCY5 gene expression in adipose tissue is related to obesity in men and mice.,3,"Glucagon signaling in metabolic regulation; Glucagon-like Peptide-1 (GLP1) regulates insulin secretion; Adrenaline,noradrenaline inhibits insulin secretion",14,14/14,Artery_Aorta,71.7199,TPM,10,0,,6,0.545
SH2B1,SH2B adapter protein 1,Q9NRF2,ENSG00000178188,True,"Adapter protein for several members of the tyrosine kinase receptor family. Involved in multiple signaling pathways mediated by Janus kinase (JAK) and receptor tyrosine kinases, including the receptors of insulin (INS), insulin-like growth factor 1 (IGF1), nerve growth factor (NGF), brain-derived neurotrophic factor (BDNF), glial cell line-derived neurotrophic factor (GDNF), platelet-derived growth factor (PDGF) and fibroblast growth factors (FGFs). In growth hormone (GH) signaling, autophosphorylated ('Tyr-813') JAK2 recruits SH2B1, which in turn is phosphorylated by JAK2 on tyrosine residues. These phosphotyrosines form potential binding sites for other signaling proteins. GH also promotes serine/threonine phosphorylation of SH2B1 and these phosphorylated residues may serve to recruit other proteins to the GHR-JAK2-SH2B1 complexes, such as RAC1. In leptin (LEP) signaling, binds to and potentiates the activation of JAK2 by globally enhancing downstream pathways. In response to leptin, binds simultaneously to both, JAK2 and IRS1 or IRS2, thus mediating formation of a complex of JAK2, SH2B1 and IRS1 or IRS2. Mediates tyrosine phosphorylation of IRS1 and IRS2, resulting in activation of the PI 3-kinase pathway. Acts as a positive regulator of NGF-mediated activation of the Akt/Forkhead pathway; prolongs NGF-induced phosphorylation of AKT1 on 'Ser-473' and AKT1 enzymatic activity. Enhances the kinase activity of the cytokine receptor-associated tyrosine kinase JAK2 and of other receptor tyrosine kinases, such as FGFR3 and NTRK1. For JAK2, the mechanism seems to involve dimerization of both, SH2B1 and JAK2. Enhances RET phosphorylation and kinase activity. Isoforms seem to be differentially involved in IGF1 and PDGF-induced mitogenesis (By similarity)",intracellular signal transduction; positive regulation of SMAD protein signal transduction,0.2314417162735214,53,44,"Weight (maximum, inv-normal transformed)",4e-108,1122049.0,European ancestry individuals,rs62037364,10,74.5,A case-control study on SH2B1 gene variants in obesity and obstructive sleep apnea severity: genetic risk factors in the leptin signaling pathway.,3,Prolactin receptor signaling; Signaling by Leptin; Growth hormone receptor signaling,14,14/14,Colon_Sigmoid,41.9289,TPM,0,0,,5,0.532
CALCR,Calcitonin receptor,P30988,ENSG00000004948,True,"G protein-coupled receptor activated by ligand peptides amylin (IAPP), calcitonin (CT/CALCA) and calcitonin gene-related peptide type 1 (CGRP1/CALCA) (PubMed:35324283, PubMed:38603770). CALCR interacts with receptor-activity-modifying proteins RAMP1, 2 and 3 to form receptor complexes AMYR1, 2 and 3, respectively (PubMed:35324283, PubMed:38603770). IAPP, CT and CGRP1 activate CALCR and AMYRs with distinct modes of receptor activation resulting in specific phenotypes (PubMed:35324283, PubMed:38603770). Ligand binding causes a conformation change that triggers signaling via guanine nucleotide-binding proteins (G proteins) and modulates the activity of downstream effectors. Activates cAMP-dependent pathway (PubMed:35324283, PubMed:7476993); Non-functional protein. Unable to couple to G proteins and activate adenylyl cyclase (PubMed:7476993). Does not undergo receptor internalization following ligand binding (PubMed:7476993)",adenylate cyclase-activating G protein-coupled receptor signaling pathway; amylin receptor 1 signaling pathway; amylin receptor 2 signaling pathway; amylin receptor 3 signaling pathway; amylin receptor signaling pathway; calcitonin family receptor signaling pathway; calcitonin gene-related peptide receptor signaling pathway; cell surface receptor signaling pathway; positive regulation of calcium-mediated signaling; positive regulation of cAMP/PKA signal transduction; positive regulation of cytosolic calcium ion concentration; positive regulation of ERK1 and ERK2 cascade; positive regulation of gene expression; positive regulation of phosphatidylinositol 3-kinase/protein kinase B signal transduction; response to amyloid-beta; response to glucocorticoid,0.3779521869970429,34,34,"Weight (mean, inv-normal transformed)",1e-17,694649.0,European ancestry individuals,rs2251307,8,80.0,Cagrilintide and retatrutide combination therapy enhances weight loss and metabolic outcomes in obese male rats.,1,Calcitonin-like ligand receptors,10,10/14,Muscle_Skeletal,0.175417,TPM,5,5,PRAMLINTIDE; PRAMLINTIDE ACETATE; CAGRILINTIDE; CAFFEINE; BACLOFEN,6,0.529
KSR2,Kinase suppressor of Ras 2,Q6VAB6,ENSG00000171435,True,"Location-regulated scaffold connecting MEK to RAF. Has very low protein kinase activity and can phosphorylate MAP2K1 at several Ser and Thr residues with very low efficiency (in vitro). Acts as MAP2K1/MEK1-dependent allosteric activator of BRAF; upon binding to MAP2K1/MEK1, dimerizes with BRAF and promotes BRAF-mediated phosphorylation of MAP2K1/MEK1 (PubMed:29433126). Interaction with BRAF enhances KSR2-mediated phosphorylation of MAP2K1 (in vitro). Blocks MAP3K8 kinase activity and MAP3K8-mediated signaling. Acts as a negative regulator of MAP3K3-mediated activation of ERK, JNK and NF-kappa-B pathways, inhibiting MAP3K3-mediated interleukin-8 production",calcium-mediated signaling; positive regulation of cold-induced thermogenesis; Ras protein signal transduction,0.2291666877188173,15,17,Body mass index,2e-16,1122049.0,European ancestry individuals,rs56214831,10,68.0,"KSR2 mutations are associated with obesity, insulin resistance, and impaired cellular fuel oxidation.",0,,14,14/14,Pancreas,0.366528,TPM,6,0,,5,0.508
SEC16B,Protein transport protein Sec16B,Q96JE7,ENSG00000120341,True,"Plays a role in the organization of the endoplasmic reticulum exit sites (ERES), also known as transitional endoplasmic reticulum (tER). Required for secretory cargo traffic from the endoplasmic reticulum to the Golgi apparatus (PubMed:17192411, PubMed:21768384, PubMed:22355596). Involved in peroxisome biogenesis. Regulates the transport of peroxisomal biogenesis factors PEX3 and PEX16 from the ER to peroxisomes (PubMed:21768384)",endoplasmic reticulum organization; endoplasmic reticulum to Golgi vesicle-mediated transport; ER-dependent peroxisome organization; peroxisome fission; positive regulation of gene expression; protein localization to endoplasmic reticulum exit site,0.519783365172429,223,161,Body mass index,4e-215,1122049.0,European ancestry individuals,rs539515,10,79.5,Intestinal SEC16B modulates obesity by regulating chylomicron metabolism.,0,,14,14/14,Liver,25.1391,TPM,0,0,,4,0.505
CRTC1,CREB-regulated transcription coactivator 1,Q6UUV9,ENSG00000105662,True,"Transcriptional coactivator for CREB1 which activates transcription through both consensus and variant cAMP response element (CRE) sites. Acts as a coactivator, in the SIK/TORC signaling pathway, being active when dephosphorylated and acts independently of CREB1 'Ser-133' phosphorylation. Enhances the interaction of CREB1 with TAF4. Regulates the expression of specific CREB-activated genes such as the steroidogenic gene, StAR. Potent coactivator of PGC1alpha and inducer of mitochondrial biogenesis in muscle cells. In the hippocampus, involved in late-phase long-term potentiation (L-LTP) maintenance at the Schaffer collateral-CA1 synapses. May be required for dendritic growth of developing cortical neurons (By similarity). In concert with SIK1, regulates the light-induced entrainment of the circadian clock. In response to light stimulus, coactivates the CREB-mediated transcription of PER1 which plays an important role in the photic entrainment of the circadian clock; (Microbial infection) Plays a role of coactivator for TAX activation of the human T-cell leukemia virus type 1 (HTLV-1) long terminal repeats (LTR)",cellular response to cAMP; entrainment of circadian clock by photoperiod; positive regulation of transcription by RNA polymerase II; protein homotetramerization,0.3849415445311951,55,51,"Weight (maximum, inv-normal transformed)",6.000000000000001e-63,1122049.0,European ancestry individuals,rs10404726,10,86.0,"CRTC1 deficiency, specifically in melanocortin-4 receptor-expressing cells, induces hyperphagia, obesity, and insulin resistance.",1,"Expression of BMAL (ARNTL), CLOCK, and NPAS2",14,14/14,Colon_Sigmoid,12.897,TPM,0,0,,5,0.504
TMEM18,Transmembrane protein 18,Q96B42,ENSG00000151353,True,"Transcription repressor. Sequence-specific ssDNA and dsDNA binding protein, with preference for GCT end CTG repeats. Cell migration modulator which enhances the glioma-specific migration ability of neural stem cells (NSC) and neural precursor cells (NPC)",cell migration,0.4432279335801651,224,155,Body mass index,1e-215,1122049.0,European ancestry individuals,rs6751993,10,90.0,"The obesity gene, TMEM18, is of ancient origin, found in majority of neuronal cells in all major brain regions and associated with obesity in severely obese children.",0,,14,14/14,Adipose_Subcutaneous,21.4933,TPM,0,0,,4,0.492
MAP2K5,Dual specificity mitogen-activated protein kinase kinase 5,Q13163,ENSG00000137764,True,"Acts as a scaffold for the formation of a ternary MAP3K2/MAP3K3-MAP3K5-MAPK7 signaling complex. Activation of this pathway appears to play a critical role in protecting cells from stress-induced apoptosis, neuronal survival and cardiac development and angiogenesis. As part of the MAPK/ERK signaling pathway, acts as a negative regulator of apoptosis in cardiomyocytes via promotion of STUB1/CHIP-mediated ubiquitination and degradation of ICER-type isoforms of CREM (By similarity)",cellular response to growth factor stimulus; cellular response to laminar fluid shear stress; ERK5 cascade; insulin-like growth factor receptor signaling pathway; MAPK cascade; negative regulation of canonical NF-kappaB signal transduction; negative regulation of cell migration involved in sprouting angiogenesis; negative regulation of chemokine (C-X-C motif) ligand 2 production; negative regulation of extrinsic apoptotic signaling pathway in absence of ligand; negative regulation of heterotypic cell-cell adhesion; negative regulation of interleukin-8 production; negative regulation of response to cytokine stimulus; negative regulation of smooth muscle cell apoptotic process; negative regulation of transcription by RNA polymerase II; positive regulation of cell growth; positive regulation of epithelial cell proliferation; positive regulation of protein metabolic process; positive regulation of transcription by RNA polymerase II; signal transduction,0.2167295222679551,98,78,Body mass index,1e-79,1122049.0,European ancestry individuals,rs28670272,4,72.0,The MAP2K5-linked SNP rs2241423 is associated with BMI and obesity in two cohorts of Swedish and Greek children.,0,,14,14/14,Colon_Sigmoid,15.0254,TPM,10,0,,5,0.49
NRXN3,Neurexin-3,Q9Y4C0,ENSG00000021645,True,Neuronal cell surface protein that may be involved in cell recognition and cell adhesion. May mediate intracellular signaling (By similarity),adult behavior; axon guidance; gephyrin clustering involved in postsynaptic density assembly; learning; nervous system development; neuron cell-cell adhesion; signal transduction; social behavior; vocalization behavior,0.471123675805605,103,66,Body mass index,2e-68,1122049.0,European ancestry individuals,rs10146997,10,64.0,"Implications of central obesity-related variants in LYPLAL1, NRXN3, MSRA, and TFAP2B on quantitative metabolic traits in adult Danes.",0,,14,14/14,Colon_Sigmoid,11.8758,TPM,0,0,,4,0.479
ETV5,ETS translocation variant 5,P41161,ENSG00000244405,True,Binds to DNA sequences containing the consensus nucleotide core sequence 5'-GGAA.-3',cell differentiation; cellular response to oxidative stress; negative regulation of transcription by RNA polymerase II; positive regulation of transcription by RNA polymerase II; regulation of transcription by RNA polymerase II,0.5000719434323868,71,60,"Body mass index (BMI, mean, inv-normal transformed)",1e-96,650000.0,European ancestry individuals,rs76880877,10,92.0,AAV-mediated gene transfer of the obesity-associated gene Etv5 in rat midbrain does not affect energy balance or motivated behavior.,0,,14,14/14,Artery_Aorta,16.4571,TPM,0,0,,4,0.475
FAIM2,Protein lifeguard 2,Q9BWQ8,ENSG00000135472,True,"Antiapoptotic protein which protects cells uniquely from Fas-induced apoptosis. Regulates Fas-mediated apoptosis in neurons by interfering with caspase-8 activation. May play a role in cerebellar development by affecting cerebellar size, internal granular layer (IGL) thickness, and Purkinje cell (PC) development",cerebellar granular layer development; cerebellar Purkinje cell differentiation; cerebellar Purkinje cell layer development; cerebellum development; negative regulation of apoptotic process; negative regulation of extrinsic apoptotic signaling pathway via death domain receptors; negative regulation of neuron apoptotic process; regulation of neuron apoptotic process,0.4659357334061912,75,74,"Weight (mean, inv-normal transformed)",7e-135,425541.0,European ancestry individuals,rs7132908,10,63.5,"Investigation of associations of European, African, Amerindian genomic ancestries and MC4R, FTO, FAIM2, BDNF loci with obesity-related traits in Rio de Janeiro, Brazil.",0,,14,14/14,Heart_Atrial_Appendage,12.0791,TPM,0,0,,4,0.47
NPC1,NPC intracellular cholesterol transporter 1,O15118,ENSG00000141458,True,"Intracellular cholesterol transporter which acts in concert with NPC2 and plays an important role in the egress of cholesterol from the endosomal/lysosomal compartment (PubMed:10821832, PubMed:12554680, PubMed:18772377, PubMed:27238017, PubMed:9211849, PubMed:9927649). Unesterified cholesterol that has been released from LDLs in the lumen of the late endosomes/lysosomes is transferred by NPC2 to the cholesterol-binding pocket in the N-terminal domain of NPC1 (PubMed:18772377, PubMed:19563754, PubMed:27238017, PubMed:27378690, PubMed:28784760, PubMed:9211849, PubMed:9927649). Cholesterol binds to NPC1 with the hydroxyl group buried in the binding pocket (PubMed:19563754). Mediates cholesterol transfer from lysosomes to endoplasmic reticulum by tethering endosomal/lysosomal compartments and endoplasmic reticulum membrane contact sites where it interacts with sterol transport protein GRAMD1B (PubMed:31537798). Binds oxysterol with higher affinity than cholesterol. May play a role in vesicular trafficking in glia, a process that may be crucial for maintaining the structural and functional integrity of nerve terminals (Probable). Inhibits cholesterol-mediated mTORC1 activation throught its interaction with SLC38A9 (PubMed:28336668); (Microbial infection) Acts as an endosomal entry receptor for ebolavirus","Niemann-Pick disease C1: A lysosomal storage disorder that affects the viscera and the central nervous system. It is due to defective intracellular processing and transport of low-density lipoprotein derived cholesterol. It causes accumulation of cholesterol in lysosomes, with delayed induction of cholesterol homeostatic reactions. Niemann-Pick disease type C1 has a highly variable clinical phenotype. Clinical features include variable hepatosplenomegaly and severe progressive neurological dysfunction such as ataxia, dystonia and dementia. The age of onset can vary from infancy to late adulthood. An allelic variant of Niemann-Pick disease type C1 is found in people with Nova Scotia ancestry. Patients with the Nova Scotian clinical variant are less severely affected.",0.3349037362023876,48,48,Body mass index,1e-41,1122049.0,European ancestry individuals,rs891387,2,24.0,"Niemann-Pick Disease, Type C1 Gene Expression in PBMCs is Associated with Interleukin 10 Serum Concentration: a Case-Control Study.",0,,14,14/14,Artery_Aorta,20.186,TPM,10,0,,5,0.465
MRAP2,Melanocortin-2 receptor accessory protein 2,Q96G30,ENSG00000135324,True,"Modulator of melanocortin receptor 4 (MC4R), a receptor involved in energy homeostasis. Plays a central role in the control of energy homeostasis and body weight regulation by increasing ligand-sensitivity of MC4R and MC4R-mediated generation of cAMP (By similarity). May also act as a negative regulator of MC2R: competes with MRAP for binding to MC2R and impairs the binding of corticotropin (ACTH) to MC2R. May also regulate activity of other melanocortin receptors (MC1R, MC3R and MC5R); however, additional evidence is required in vivo","Obesity: A condition characterized by an increase of body weight beyond the limitation of skeletal and physical requirements, as the result of excessive accumulation of body fat.",0.2105339075732741,0,0,,,,,,10,68.5,"Study of LEP, MRAP2 and POMC genes as potential causes of severe obesity in Brazilian patients.",0,,14,14/14,Artery_Aorta,203.005,TPM,0,0,,4,0.465
SLC39A8,Metal cation symporter ZIP8,Q9C0K1,ENSG00000138821,True,"Electroneutral divalent metal cation:bicarbonate symporter of the plasma membrane mediating the cellular uptake of zinc and manganese, two divalent metal cations important for development, tissue homeostasis and immunity (PubMed:12504855, PubMed:22898811, PubMed:23403290, PubMed:26637978, PubMed:29337306, PubMed:29453449). Transports an electroneutral complex composed of a divalent metal cation and two bicarbonate anions or alternatively a bicarbonate and a selenite anion (PubMed:27166256, PubMed:31699897). Thereby, it also contributes to the cellular uptake of selenium, an essential trace metal and micronutrient (PubMed:27166256). Also imports cadmium a non-essential metal which is cytotoxic and carcinogenic (PubMed:27466201). May also transport iron and cobalt through membranes (PubMed:22898811). Through zinc import, indirectly regulates the metal-dependent transcription factor MTF1 and the expression of some metalloproteases involved in cartilage catabolism and also probably heart development (PubMed:29337306). Also indirectly regulates the expression of proteins involved in cell morphology and cytoskeleton organization (PubMed:29927450). Indirectly controls innate immune function and inflammatory response by regulating zinc cellular uptake which in turn modulates the expression of genes specific of these processes (PubMed:23403290, PubMed:28056086). Protects, for instance, cells from injury and death at the onset of inflammation (PubMed:18390834). By regulating zinc influx into monocytes also directly modulates their adhesion to endothelial cells and arteries (By similarity). Reclaims manganese from the bile at the apical membrane of hepatocytes, thereby regulating the activity of the manganese-dependent enzymes through the systemic levels of the nutrient (PubMed:28481222). Also participates in manganese reabsorption in the proximal tubule of the kidney (PubMed:26637978). By mediating the extracellular uptake of manganese by cells of the blood-brain barrier, may also play a role in the transport of the micronutrient to the brain (PubMed:26637978, PubMed:31699897). With manganese cellular uptake also participates in mitochondrial proper function (PubMed:29453449). Finally, also probably functions intracellularly, translocating zinc from lysosome to cytosol to indirectly enhance the expression of specific genes during TCR-mediated T cell activation (PubMed:19401385)","Congenital disorder of glycosylation 2N: A form of congenital disorder of glycosylation, a genetically heterogeneous group of autosomal recessive, multisystem disorders caused by a defect in glycoprotein biosynthesis and characterized by under-glycosylated serum glycoproteins. Congenital disorders of glycosylation result in a wide variety of clinical features, such as defects in the nervous system development, psychomotor retardation, dysmorphic features, hypotonia, coagulation disorders, and immunodeficiency. The broad spectrum of features reflects the critical role of N-glycoproteins during embryonic development, differentiation, and maintenance of cell functions.",0.5178578196376057,110,85,"Body mass index (BMI, maximum, inv-normal transformed)",6.0000000000000005e-117,1122049.0,European ancestry individuals,rs13107325,8,54.0,The Allelic Variant A391T of Metal Ion Transporter ZIP8 (SLC39A8) Leads to Hypotension and Enhanced Insulin Resistance.,0,,14,14/14,Adipose_Visceral_Omentum,25.0267,TPM,0,0,,4,0.46
NEGR1,Neuronal growth regulator 1,Q7Z3B1,ENSG00000172260,True,May be involved in cell-adhesion. May function as a trans-neural growth-promoting factor in regenerative axon sprouting in the mammalian brain (By similarity),cholesterol homeostasis; heterophilic cell-cell adhesion; negative regulation of glial cell proliferation; negative regulation of synapse assembly; protein localization to plasma membrane raft; protein secretion; regulation of protein stability; regulation of synapse assembly,0.5469170371083623,16,17,Body mass index,2e-18,1122049.0,European ancestry individuals,rs12725081,10,60.0,Functional relevance of genes implicated by obesity genome-wide association study signals for human adipocyte biology.,0,,14,14/14,Colon_Sigmoid,16.5488,TPM,0,0,,4,0.449
MC3R,Melanocortin receptor 3,P41968,ENSG00000124089,True,"G protein-coupled receptor for melanocyte-stimulating hormones (alpha, beta, and gamma-MSH) and corticotropin/ACTH, which are peptide products of the POMC precursor (PubMed:37524700, PubMed:8463333). Upon activation, couples to G(s) protein, stimulating adenylate cyclase and the cAMP-dependent signaling pathway, which contributes to the regulation of energy homeostasis (PubMed:18231126, PubMed:37524700, PubMed:8463333). Required for expression of anticipatory patterns of activity and wakefulness during periods of limited nutrient availability and for the normal regulation of circadian clock activity in the brain (By similarity). Binding of the Agouti-related protein/AGPR antagonist precludes alpha-MSH-induced signaling, blocking cAMP production (PubMed:9311920)","adenylate cyclase-activating G protein-coupled receptor signaling pathway; circadian regulation of gene expression; G protein-coupled receptor signaling pathway, coupled to cyclic nucleotide second messenger; homoiothermy; locomotor rhythm; phospholipase C-activating G protein-coupled receptor signaling pathway; regulation of blood pressure; regulation of feeding behavior; regulation of heart rate; sodium ion homeostasis",0.0876833694315868,0,0,,,,,,10,87.5,"Influence of polymorphisms in IRS1, IRS2, MC3R, and MC4R on metabolic and inflammatory status and food intake in Brazilian adults: An exploratory pilot study.",0,,0,0/14,,,,9,0,,4,0.438
TFAP2B,Transcription factor AP-2-beta,Q92481,ENSG00000008196,True,"Sequence-specific DNA-binding protein that interacts with inducible viral and cellular enhancer elements to regulate transcription of selected genes. AP-2 factors bind to the consensus sequence 5'-GCCNNNGGC-3' and activate genes involved in a large spectrum of important biological functions including proper eye, face, body wall, limb and neural tube development. They also suppress a number of genes including MCAM/MUC18, C/EBP alpha and MYC. AP-2-beta appears to be required for normal face and limb development and for proper terminal differentiation and function of renal tubular epithelia","Char syndrome: An autosomal dominant disorder characterized by patent ductus arteriosus (PDA), facial dysmorphism and hand anomalies.; Patent ductus arteriosus 2: A congenital heart defect characterized by the persistent opening of fetal ductus arteriosus that fails to close after birth. Fetal ductus arteriosus connects the pulmonary artery to the descending aorta, allowing unoxygenated blood to bypass the lung and flow to the placenta. Normally, the ductus occludes shortly after birth.",0.5275958402367178,113,98,Body mass index,2e-112,1122049.0,European ancestry individuals,rs2076308,10,64.0,"Implications of central obesity-related variants in LYPLAL1, NRXN3, MSRA, and TFAP2B on quantitative metabolic traits in adult Danes.",0,,8,8/14,Colon_Sigmoid,0.120779,TPM,0,0,,4,0.429
GNPDA2,Glucosamine-6-phosphate deaminase 2,Q8TDQ7,ENSG00000163281,True,"Catalyzes the reversible conversion of alpha-D-glucosamine 6-phosphate (GlcN-6P) into beta-D-fructose 6-phosphate (Fru-6P) and ammonium ion, a regulatory reaction step in de novo uridine diphosphate-N-acetyl-alpha-D-glucosamine (UDP-GlcNAc) biosynthesis via hexosamine pathway. Deamination is coupled to aldo-keto isomerization mediating the metabolic flux from UDP-GlcNAc toward Fru-6P. At high ammonium level can drive amination and isomerization of Fru-6P toward hexosamines and UDP-GlcNAc synthesis. Has a role in fine tuning the metabolic fluctuations of cytosolic UDP-GlcNAc and their effects on hyaluronan synthesis that occur during tissue remodeling",carbohydrate metabolic process; D-glucosamine catabolic process; N-acetylglucosamine catabolic process; N-acetylneuraminate catabolic process; UDP-N-acetylglucosamine biosynthetic process,0.4904358310775203,0,0,,,,,,10,76.5,"CNS GNPDA2 Does Not Control Appetite, but Regulates Glucose Homeostasis.",1,Glycolysis,14,14/14,Artery_Coronary,9.20816,TPM,0,0,,4,0.426
PDE3B,"cGMP-inhibited 3',5'-cyclic phosphodiesterase 3B",Q13370,ENSG00000152270,True,"Cyclic nucleotide phosphodiesterase with a dual-specificity for the second messengers cAMP and cGMP, which are key regulators of many important physiological process (PubMed:14592490, PubMed:21393242). Regulates angiogenesis by inhibiting the cAMP-dependent guanine nucleotide exchange factor RAPGEF3 and downstream phosphatidylinositol 3-kinase gamma-mediated signaling (PubMed:21393242). Controls cardiac contractility by reducing cAMP concentration in cardiocytes (By similarity)",G protein-coupled receptor signaling pathway; insulin receptor signaling pathway; negative regulation of adenylate cyclase-activating G protein-coupled receptor signaling pathway; negative regulation of angiogenesis; negative regulation of cAMP/PKA signal transduction; negative regulation of cell adhesion; negative regulation of cell adhesion mediated by integrin; negative regulation of lipid catabolic process; regulation of angiogenesis; regulation of phosphatidylinositol 3-kinase/protein kinase B signal transduction,0.1057685082751526,20,15,Serum 25-Hydroxyvitamin D levels (conditioned on BMI),1e-300,618375.0,"European ancestry individuals, 138,792 Hispanic or Latin American individuals, 8,948 African ancestry individuals, 2,203 East Asian ancestry individuals, 10,115 South Asian ancestry individuals",rs116970203,6,60.0,Hypothalamic PDE3B deficiency alters body weight and glucose homeostasis in mouse.,0,,14,14/14,Colon_Sigmoid,25.6482,TPM,3,1,TADALAFIL,5,0.402
CCND2,G1/S-specific cyclin-D2,P30279,ENSG00000118971,True,"Regulatory component of the cyclin D2-CDK4 (DC) complex that phosphorylates and inhibits members of the retinoblastoma (RB) protein family including RB1 and regulates the cell-cycle during G(1)/S transition (PubMed:18827403, PubMed:8114739). Phosphorylation of RB1 allows dissociation of the transcription factor E2F from the RB/E2F complex and the subsequent transcription of E2F target genes which are responsible for the progression through the G(1) phase (PubMed:18827403, PubMed:8114739). Hypophosphorylates RB1 in early G(1) phase (PubMed:18827403, PubMed:8114739). Cyclin D-CDK4 complexes are major integrators of various mitogenenic and antimitogenic signals (PubMed:18827403, PubMed:8114739)","Megalencephaly-polymicrogyria-polydactyly-hydrocephalus syndrome 3: A syndrome characterized by megalencephaly, ventriculomegaly that may lead to hydrocephalus, and polymicrogyria; polydactyly may also be seen. There is considerable phenotypic similarity between this disorder and the megalencephaly-capillary malformation syndrome.",0.017765463756676,34,34,Sex hormone-binding globulin levels adjusted for BMI and heel estimated bone mineral density,7.000000000000001e-133,831753.0,European ancestry individuals,rs76895963,3,44.0,"Replication Study in a Japanese Population to Evaluate the Association between 10 SNP Loci, Identified in European Genome-Wide Association Studies, and Type 2 Diabetes.",0,,14,14/14,Colon_Sigmoid,76.2839,TPM,7,0,,5,0.398
GPR75,Probable G protein-coupled receptor 75,O95800,ENSG00000119737,True,"G protein-coupled receptor that is activated by the chemokine CCL5/RANTES. Probably coupled to heterotrimeric Gq proteins, it stimulates inositol trisphosphate production and calcium mobilization upon activation. Together with CCL5/RANTES, may play a role in neuron survival through activation of a downstream signaling pathway involving the PI3, Akt and MAP kinases. CCL5/RANTES may also regulate insulin secretion by pancreatic islet cells through activation of this receptor",chemokine-mediated signaling pathway; G protein-coupled receptor signaling pathway,0.0662096441220398,3,3,Weight,2e-15,153950.0,Korean ancestry individuals,rs80328470,10,100.0,Gpr75 Deletion in Adipocytes Protects From Diet-Induced Obesity: Changes in Glucose Homeostasis and Inflammatory Responses.,0,,14,14/14,Adipose_Subcutaneous,1.81455,TPM,2,0,,5,0.396
KCTD15,BTB/POZ domain-containing protein KCTD15,Q96SI1,ENSG00000153885,True,"During embryonic development, it is involved in neural crest formation (By similarity). Inhibits AP2 transcriptional activity by interaction with its activation domain (PubMed:23382213)",negative regulation of DNA-templated transcription; protein homooligomerization,0.0488888599233705,42,38,Body mass index,7.999999999999997e-32,1122049.0,European ancestry individuals,rs29940,10,52.0,"Genetic variations in SEC16B, MC4R, MAP2K5 and KCTD15 were associated with childhood obesity and interacted with dietary behaviors in Chinese school-age population.",0,,14,14/14,Colon_Sigmoid,38.9797,TPM,0,0,,4,0.384
MCM6,DNA replication licensing factor MCM6,Q14566,ENSG00000076003,True,"Acts as a component of the MCM2-7 complex (MCM complex) which is the replicative helicase essential for 'once per cell cycle' DNA replication initiation and elongation in eukaryotic cells. Core component of CDC45-MCM-GINS (CMG) helicase, the molecular machine that unwinds template DNA during replication, and around which the replisome is built (PubMed:16899510, PubMed:32453425, PubMed:34694004, PubMed:34700328, PubMed:35585232, PubMed:9305914). The active ATPase sites in the MCM2-7 ring are formed through the interaction surfaces of two neighboring subunits such that a critical structure of a conserved arginine finger motif is provided in trans relative to the ATP-binding site of the Walker A box of the adjacent subunit. The six ATPase active sites, however, are likely to contribute differentially to the complex helicase activity (PubMed:32453425)",DNA replication; DNA replication initiation; double-strand break repair via break-induced replication; mitotic DNA replication; regulation of DNA-templated DNA replication initiation,0.1657170024419791,23,24,"Weight (maximum, inv-normal transformed)",4e-85,425541.0,European ancestry individuals,rs4988235,2,55.5,"Genetic variant panel allows predicting both obesity risk, and efficacy of procedures and diet in weight loss.",0,,14,14/14,Artery_Aorta,22.4698,TPM,5,0,,5,0.383
COBLL1,Cordon-bleu protein-like 1,Q53SF7,ENSG00000082438,True,,,0.0685775607222853,305,131,Waist-hip index,5.0000000000000006e-127,389354.0,European ancestry individuals,rs13389219,6,68.0,The COBLL1 C allele is associated with lower serum insulin levels and lower insulin resistance in overweight and obese children.,0,,14,14/14,Adipose_Subcutaneous,21.6706,TPM,0,0,,4,0.377
SIM1,Single-minded homolog 1,P81133,ENSG00000112246,True,Transcriptional factor that may have pleiotropic effects during embryogenesis and in the adult,nervous system development; regulation of transcription by RNA polymerase II; ureteric bud development,0.4808685896689535,63,50,"Weight (mean, inv-normal transformed)",8e-41,425541.0,European ancestry individuals,rs17789218,10,64.0,AMP-activated kinase links serotonergic signaling to glutamate release for regulation of feeding behavior in C. elegans.,0,,5,5/14,Adipose_Subcutaneous,3.04546,TPM,0,0,,4,0.377
ZFHX3,Zinc finger homeobox protein 3,Q15911,ENSG00000140836,True,"Transcriptional regulator which can act as an activator or a repressor. Inhibits the enhancer element of the AFP gene by binding to its AT-rich core sequence. In concert with SMAD-dependent TGF-beta signaling can repress the transcription of AFP via its interaction with SMAD2/3 (PubMed:25105025). Regulates the circadian locomotor rhythms via transcriptional activation of neuropeptidergic genes which are essential for intercellular synchrony and rhythm amplitude in the suprachiasmatic nucleus (SCN) of the brain (By similarity). Regulator of myoblasts differentiation through the binding to the AT-rich sequence of MYF6 promoter and promoter repression (PubMed:11312261). Down-regulates the MUC5AC promoter in gastric cancer (PubMed:17330845). In association with RUNX3, up-regulates CDKN1A promoter activity following TGF-beta stimulation (PubMed:20599712). Inhibits estrogen receptor (ESR1) function by selectively competing with coactivator NCOA3 for binding to ESR1 in ESR1-positive breast cancer cells (PubMed:20720010)","Atrial fibrillation, familial, 8: A familial form of atrial fibrillation, a common sustained cardiac rhythm disturbance. Atrial fibrillation is characterized by disorganized atrial electrical activity and ineffective atrial contraction promoting blood stasis in the atria and reduces ventricular filling. It can result in palpitations, syncope, thromboembolic stroke, and congestive heart failure.; Spinocerebellar ataxia 4: A form of spinocerebellar ataxia, a clinically and genetically heterogeneous group of cerebellar disorders. Patients show progressive incoordination of gait and often poor coordination of hands, speech and eye movements, due to degeneration of the cerebellum with variable involvement of the brainstem and spinal cord. SCA4 is characterized by the onset of balance disturbances and gait and limb ataxia usually in the fourth decade, although earlier onset in the teens or twenties has been reported. There is evidence of genetic anticipation within families. Inheritance is autosomal dominant.; Epilepsy, idiopathic generalized 20: An autosomal recessive form of idiopathic generalized epilepsy, a disorder characterized by recurring generalized seizures in the absence of detectable brain lesions and/or metabolic abnormalities. Generalized seizures arise diffusely and simultaneously from both hemispheres of the brain. Seizure types include juvenile myoclonic seizures, absence seizures, and generalized tonic-clonic seizures. EIG20 is characterized by onset of partial epilepsy between infancy and teenage years and seizures progression to complex partial epilepsy and secondary generalized tonic-clonic seizures. Some patients show global developmental delay.",0.4811211233111785,46,35,"Weight (maximum, inv-normal transformed)",1e-43,1122049.0,European ancestry individuals,rs7498798,3,71.5,A missense mutation in zinc finger homeobox-3 (ZFHX3) impedes growth and alters metabolism and hypothalamic gene expression in mice.,0,,14,14/14,Artery_Aorta,19.9794,TPM,0,0,,4,0.361
LINGO2,Leucine-rich repeat and immunoglobulin-like domain-containing nogo receptor-interacting protein 2,Q7L985,ENSG00000174482,True,,regulation of nervous system development,0.4418769534424759,131,83,Body mass index,2e-75,1122049.0,European ancestry individuals,rs10968576,2,60.0,Association of the LINGO2-related SNP rs10968576 with body mass in a cohort of elderly Swedes.,0,,11,11/14,Stomach,0.658014,TPM,0,0,,4,0.334
ROBO1,Roundabout homolog 1,Q9Y6N7,ENSG00000169855,True,"Receptor for SLIT1 and SLIT2 that mediates cellular responses to molecular guidance cues in cellular migration, including axonal navigation at the ventral midline of the neural tube and projection of axons to different regions during neuronal development (PubMed:10102268, PubMed:24560577). Interaction with the intracellular domain of FLRT3 mediates axon attraction towards cells expressing NTN1 (PubMed:24560577). In axon growth cones, the silencing of the attractive effect of NTN1 by SLIT2 may require the formation of a ROBO1-DCC complex (By similarity). Plays a role in the regulation of cell migration via its interaction with MYO9B; inhibits MYO9B-mediated stimulation of RHOA GTPase activity, and thereby leads to increased levels of active, GTP-bound RHOA (PubMed:26529257). May be required for lung development (By similarity)","Neurooculorenal syndrome: An autosomal recessive syndrome characterized by variable clinical features including congenital renal anomalies, neurodevelopmental defects, intellectual impairment, cardiac defects, and ocular anomalies. Some affected individuals present in utero with renal agenesis and structural brain abnormalities incompatible with life.; Nystagmus 8, congenital, autosomal recessive: A form of nystagmus, a condition defined as conjugated, spontaneous and involuntary ocular oscillations that appear at birth or during the first three months of life. Other associated features may include mildly decreased visual acuity, strabismus, astigmatism, and occasionally head nodding. NYS8 patients manifest bilateral horizontal nystagmus in the absence of other neurologic signs or symptoms. Brain imaging is normal.; Pituitary hormone deficiency, combined or isolated, 8: An autosomal dominant disorder characterized by short stature due to growth hormone deficiency, variable deficiencies of other pituitary hormones, and pituitary abnormalities. Many CPHD8 patients present with pituitary stalk interruption syndrome that is characterized by pituitary gland insufficiency, thin or discontinuous pituitary stalk, anterior pituitary hypoplasia, and ectopic positioning of the posterior pituitary gland.",,13,10,Waist-hip ratio,3.0000000000000014e-13,1122049.0,European ancestry individuals,rs4681011,8,52.0,Epicardial adipose tissue-secreted ANGPTL2 drives obesity-induced atrial fibrosis via the SLIT3/ROBO1 and Wnt5a signaling axes.,0,,14,14/14,Colon_Sigmoid,13.6328,TPM,0,0,,3,0.32
DPP9,Dipeptidyl peptidase 9,Q86TI2,ENSG00000142002,True,"Dipeptidyl peptidase that cleaves off N-terminal dipeptides from proteins having a Pro or Ala residue at position 2 (PubMed:12662155, PubMed:16475979, PubMed:19667070, PubMed:29382749, PubMed:30291141, PubMed:33731929, PubMed:36112693). Acts as a key inhibitor of caspase-1-dependent monocyte and macrophage pyroptosis in resting cells by preventing activation of NLRP1 and CARD8 (PubMed:27820798, PubMed:29967349, PubMed:30291141, PubMed:31525884, PubMed:32796818, PubMed:36112693, PubMed:36357533). Sequesters the cleaved C-terminal part of NLRP1 and CARD8, which respectively constitute the active part of the NLRP1 and CARD8 inflammasomes, in a ternary complex, thereby preventing their oligomerization and activation (PubMed:33731929, PubMed:33731932, PubMed:34019797). The dipeptidyl peptidase activity is required to suppress NLRP1 and CARD8; however, neither NLRP1 nor CARD8 are bona fide substrates of DPP9, suggesting the existence of substrate(s) required for NLRP1 and CARD8 inhibition (PubMed:33731929)","Hatipoglu immunodeficiency syndrome: An autosomal recessive immunologic disorder manifesting in infancy or early childhood, and characterized by failure to thrive, short stature, skin pigmentation abnormalities, pancytopenia, and susceptibility to recurrent infections.",0.0100108916527011,0,0,,,,,,1,40.5,DPP9: Comprehensive In Silico Analyses of Loss of Function Gene Variants and Associated Gene Expression Signatures in Human Hepatocellular Carcinoma.,0,,14,14/14,Muscle_Skeletal,33.9693,TPM,8,0,,4,0.29
SPARC,SPARC,P09486,ENSG00000113140,True,"Appears to regulate cell growth through interactions with the extracellular matrix and cytokines. Binds calcium and copper, several types of collagen, albumin, thrombospondin, PDGF and cell membranes. There are two calcium binding sites; an acidic domain that binds 5 to 8 Ca(2+) with a low affinity and an EF-hand loop that binds a Ca(2+) ion with a high affinity","Osteogenesis imperfecta 17: An autosomal recessive form of osteogenesis imperfecta, a disorder of bone formation characterized by low bone mass, bone fragility and susceptibility to fractures after minimal trauma. Disease severity ranges from very mild forms without fractures to intrauterine fractures and perinatal lethality. Extraskeletal manifestations, which affect a variable number of patients, are dentinogenesis imperfecta, hearing loss, and blue sclerae.",0.0781609503969114,6,6,Body mass index,1e-21,1122049.0,European ancestry individuals,rs41290587,6,52.0,Predictive value of 1-hour postprandial SPARC levels on metabolic outcomes from Mediterranean diet adherence: results from a randomized controlled feeding study.,0,,14,14/14,Artery_Aorta,2798.48,TPM,0,0,,4,0.289
HMGA2,High mobility group protein HMGI-C,P52926,ENSG00000149948,True,"Functions as a transcriptional regulator. Functions in cell cycle regulation through CCNA2. Plays an important role in chromosome condensation during the meiotic G2/M transition of spermatocytes. Plays a role in postnatal myogenesis, is involved in satellite cell activation (By similarity). Positively regulates IGF2 expression through PLAG1 and in a PLAG1-independent manner (PubMed:28796236)","Silver-Russell syndrome 5: A form of Silver-Russell syndrome, a clinically heterogeneous condition characterized by severe intrauterine growth retardation, poor postnatal growth, craniofacial features such as a triangular shaped face and a broad forehead, body asymmetry, and a variety of minor malformations. The phenotypic expression changes during childhood and adolescence, with the facial features and asymmetry usually becoming more subtle with age. SRS5 inheritance is autosomal dominant.",0.0129450592030079,47,46,"Weight (mean, inv-normal transformed)",1e-149,425541.0,European ancestry individuals,rs8756,3,54.0,Adipose-derived exosomes block muscular stem cell proliferation in aged mouse by delivering miRNA Let-7d-3p that targets transcription factor HMGA2.,0,,14,14/14,Colon_Transverse,0.6332899999999999,TPM,0,0,,4,0.28
UBR2,E3 ubiquitin-protein ligase UBR2,Q8IWV8,ENSG00000024048,True,"E3 ubiquitin-protein ligase which is a component of the N-end rule pathway (PubMed:15548684, PubMed:20835242, PubMed:28392261). Recognizes and binds to proteins bearing specific N-terminal residues (N-degrons) that are destabilizing according to the N-end rule, leading to their ubiquitination and subsequent degradation (PubMed:20835242, PubMed:28392261). Recognizes both type-1 and type-2 N-degrons, containing positively charged amino acids (Arg, Lys and His) and bulky and hydrophobic amino acids, respectively (PubMed:20835242, PubMed:28392261). Does not ubiquitinate proteins that are acetylated at the N-terminus (PubMed:20835242). In contrast, it strongly binds methylated N-degrons (PubMed:28392261). Plays a critical role in chromatin inactivation and chromosome-wide transcriptional silencing during meiosis via ubiquitination of histone H2A (By similarity). Binds leucine and is a negative regulator of the leucine-mTOR signaling pathway, thereby controlling cell growth (PubMed:20298436). Required for spermatogenesis, promotes, with Tex19.1, SPO11-dependent recombination foci to accumulate and drive robust homologous chromosome synapsis (By similarity). Polyubiquitinates LINE-1 retrotransposon encoded, LIRE1, which induces degradation, inhibiting LINE-1 retrotransposon mobilization (By similarity). Catalyzes ubiquitination and degradation of the N-terminal part of NLRP1 following NLRP1 activation by pathogens and other damage-associated signals: ubiquitination promotes degradation of the N-terminal part and subsequent release of the cleaved C-terminal part of NLRP1, which polymerizes and forms the NLRP1 inflammasome followed by host cell pyroptosis (By similarity). Plays a role in T-cell receptor signaling by inducing 'Lys-63'-linked ubiquitination of lymphocyte cell-specific kinase LCK (PubMed:38225265). This activity is regulated by DUSP22, which induces 'Lys-48'-linked ubiquitination of UBR2, leading to its proteasomal degradation by SCF E3 ubiquitin-protein ligase complex (PubMed:38225265)",cellular response to L-leucine; heterochromatin formation; male meiotic nuclear division; negative regulation of TOR signaling; positive regulation of T cell receptor signaling pathway; proteasome-mediated ubiquitin-dependent protein catabolic process; protein K63-linked ubiquitination; protein ubiquitination; reciprocal meiotic recombination; spermatogenesis; transposable element silencing; ubiquitin-dependent protein catabolic process via the N-end rule pathway,0.0044144260420672,2,3,Body mass index,1e-09,523818.0,"European ancestry individuals, 163,835 East Asian ancestry individuals",rs9296396,1,34.0,Amelioration of hepatic steatosis by dietary essential amino acid-induced ubiquitination.,0,,14,14/14,Colon_Sigmoid,22.0395,TPM,3,0,,5,0.267
SYT10,Synaptotagmin-10,Q6XYQ8,ENSG00000110975,True,Ca(2+) sensor specifically required for the Ca(2+)-dependent exocytosis of secretory vesicles containing IGF1 in neurons of the olfactory bulb. Exocytosis of IGF1 is required for sensory perception of smell. Not involved in Ca(2+)-dependent synaptic vesicle exocytosis (By similarity). Acts through Ca(2+) and phospholipid binding to the C2 domain: Ca(2+) induces binding of the C2-domains to phospholipid membranes and to assembled SNARE-complexes; both actions contribute to triggering exocytosis (By similarity),chemical synaptic transmission; positive regulation of calcium ion-dependent exocytosis; regulation of calcium ion-dependent exocytosis; sensory perception of smell; vesicle-mediated transport,0.1624569968226125,17,17,"Weight (minimum, inv-normal transformed)",1e-33,1122049.0,European ancestry individuals,rs6488140,0,0.0,,1,NPAS4 regulates expression of target genes,8,8/14,Colon_Sigmoid,1.34218,TPM,0,0,,4,0.234
FGF19,Fibroblast growth factor 19,O95750,ENSG00000162344,True,"Involved in the suppression of bile acid biosynthesis through down-regulation of CYP7A1 expression, following positive regulation of the JNK and ERK1/2 cascades. Stimulates glucose uptake in adipocytes. Activity requires the presence of KLB and FGFR4",fibroblast growth factor receptor signaling pathway; negative regulation of bile acid biosynthetic process; negative regulation of gene expression; nervous system development; neurogenesis; positive regulation of cell population proliferation; positive regulation of D-glucose import across plasma membrane; positive regulation of ERK1 and ERK2 cascade; positive regulation of JNK cascade; positive regulation of MAPK cascade; positive regulation of protein phosphorylation; regulation of cell migration; response to ethanol,0.0541143472742126,10,10,"Body mass index (BMI, mean, inv-normal transformed)",7.9999999999999985e-25,694649.0,European ancestry individuals,rs1789171,5,72.0,Central FGF19 reduces hypothalamic inflammation and improves leptin signaling in obese mice.,1,PIP3 activates AKT signaling,1,1/14,Small_Intestine_Terminal_Ileum,0.195548,TPM,0,0,,5,0.204
ANKRD27,Ankyrin repeat domain-containing protein 27,Q96NW4,ENSG00000105186,True,"May be a guanine exchange factor (GEF) for Rab21, Rab32 and Rab38 and regulate endosome dynamics (PubMed:16525121, PubMed:18477474). May regulate the participation of VAMP7 in membrane fusion events; in vitro inhibits VAMP7-mediated SNARE complex formation by trapping VAMP7 in a closed, fusogenically inactive conformation (PubMed:23104059). Involved in peripheral melanosomal distribution of TYRP1 in melanocytes; the function, which probably is implicating vesicle-trafficking, includes cooperation with Rab32, Rab38 and VAMP7 (By similarity). Involved in the regulation of neurite growth; the function seems to require its GEF activity, probably towards Rab21, and VAMP7 but not Rab32/38 (By similarity). Proposed to be involved in Golgi sorting of VAMP7 and transport of VAMP7 vesicles to the cell surface; the function seems to implicate kinesin heavy chain isoform 5 proteins, GOLGA4, RAB21 and MACF1 (PubMed:22705394). Required for the colocalization of VAMP7 and Rab21, probably on TGN sites (PubMed:19745841). Involved in GLUT1 endosome-to-plasma membrane trafficking; the function is dependent of association with VPS29 (PubMed:24856514). Regulates the proper trafficking of melanogenic enzymes TYR, TYRP1 and DCT/TYRP2 to melanosomes in melanocytes (By similarity)",early endosome to late endosome transport; endocytic recycling; endosome to melanosome transport; negative regulation of SNARE complex assembly; neuron projection morphogenesis; positive regulation of dendrite morphogenesis; positive regulation of neuron projection development,,2,2,Body mass index,7e-13,928679.0,"East Asian ancestry individuals, 420,829 European ancestry individuals",rs9636114,0,0.0,,0,,14,14/14,Colon_Sigmoid,23.5679,TPM,0,0,,2,0.169
BLTP1,Bridge-like lipid transfer protein family member 1,Q2LD37,ENSG00000138688,True,"Bridge-like lipid transfer protein that functions as molecular bridges between endoplasmic reticulum and the membranes targeted for lipid delivery (PubMed:35491307, PubMed:40269155). Forms a tunnel with multiple beta-grooves that allows the transport of phospholipids (By similarity). Provides phosphatidylethanolamine for glycosylphosphatidylinositol (GPI) anchor synthesis in the endoplasmic reticulum (PubMed:35015055). Plays a role in endosomal trafficking and endosome recycling (PubMed:30906834). Also involved in the actin cytoskeleton and cilia structural dynamics (PubMed:30906834). Acts as a regulator of phagocytosis (PubMed:31540829). Required for the formation of endoplasmic reticulum-plasma membrane junctions which are critical for lipid exchange (PubMed:40269155)","Alkuraya-Kucinskas syndrome: An autosomal recessive syndrome characterized by brain atrophy and arthrogryposis. Patients present with cerebral parenchymal underdevelopment, lissencephaly, severe to mild ventriculomegaly, and cerebellar hypoplasia with brainstem dysgenesis. Most affected individuals die in utero or soon after birth. The few patients who survive have variable intellectual disability and may have seizures. Facial dysmorphism, cardiac and ophthalmologic anomalies, such as microphthalmia and cataract, are additional features.",0.01642577131932,0,0,,,,,,0,0.0,,0,,14,14/14,Artery_Aorta,22.6275,TPM,0,0,,2,0.146
ANO4,Anoctamin-4,Q32M45,ENSG00000151572,True,"Has calcium-dependent phospholipid scramblase activity; scrambles phosphatidylserine, phosphatidylcholine and galactosylceramide (By similarity). Does not exhibit calcium-activated chloride channel (CaCC) activity (By similarity)",chloride transmembrane transport; monoatomic ion transmembrane transport; phospholipid translocation,0.003695798546847,0,1,Vitamin D levels (adjusted for BMI) x vegetarianism interaction,8e-06,140871.0,European ancestry individuals,rs150333455,0,0.0,,0,,13,13/14,Adipose_Visceral_Omentum,0.4932979999999999,TPM,0,0,,2,0.133
