Gene,Ensembl_ID,Target_Name,Disease_ID,Disease_Name,Association_Score,Genetic_Association_Score,Literature_Score,Somatic_Mutation_Score,Known_Drug_Score,Animal_Model_Score,Expression_Score,Overall_Evidence,Source,Evidence_Status,Field_Purpose
GPR75,ENSG00000119737,GPR75,MONDO_0011122,obesity disorder,0.0662096441220398,,0.5445491853855553,,,,,literature,https://platform.opentargets.org/target/ENSG00000119737,Obesity-disorder association returned,Evidence linking the human target to obesity disorder.
MC4R,ENSG00000166603,MC4R,MONDO_0011122,obesity disorder,0.8195089326281468,0.9158570976850644,0.9762345886782386,,,0.9262438645742802,,"animal_model, clinical, genetic_association, genetic_literature, literature",https://platform.opentargets.org/target/ENSG00000166603,Obesity-disorder association returned,Evidence linking the human target to obesity disorder.
LEP,ENSG00000174697,LEP,MONDO_0011122,obesity disorder,0.1430531393435669,,0.9923759413333756,,,0.736727269698118,,"animal_model, literature",https://platform.opentargets.org/target/ENSG00000174697,Obesity-disorder association returned,Evidence linking the human target to obesity disorder.
LEPR,ENSG00000116678,LEPR,MONDO_0011122,obesity disorder,0.4694800638421645,0.5324509793960694,0.9491438865764384,,,0.905322355103592,,"animal_model, clinical, genetic_association, literature",https://platform.opentargets.org/target/ENSG00000116678,Obesity-disorder association returned,Evidence linking the human target to obesity disorder.
POMC,ENSG00000115138,POMC,MONDO_0011122,obesity disorder,0.5740483007150636,0.607891734561777,0.932490893811704,,,0.742052235842302,,"affected_pathway, animal_model, genetic_association, genetic_literature, literature",https://platform.opentargets.org/target/ENSG00000115138,Obesity-disorder association returned,Evidence linking the human target to obesity disorder.
PPARG,ENSG00000132170,PPARG,MONDO_0011122,obesity disorder,0.5707546438253758,0.7095163685876602,0.8446137079951823,,,0.3000746417010961,,"animal_model, clinical, genetic_association, genetic_literature, literature",https://platform.opentargets.org/target/ENSG00000132170,Obesity-disorder association returned,Evidence linking the human target to obesity disorder.
FTO,ENSG00000140718,FTO,MONDO_0011122,obesity disorder,0.6976297816632623,0.9736370732559256,0.9867710242815912,,,,,"genetic_association, genetic_literature, literature",https://platform.opentargets.org/target/ENSG00000140718,Obesity-disorder association returned,Evidence linking the human target to obesity disorder.
SH2B1,ENSG00000178188,SH2B1,MONDO_0011122,obesity disorder,0.2314417162735214,0.1816534336345225,0.8987378564678075,,,,,"genetic_association, genetic_literature, literature",https://platform.opentargets.org/target/ENSG00000178188,Obesity-disorder association returned,Evidence linking the human target to obesity disorder.
PCSK1,ENSG00000175426,PCSK1,MONDO_0011122,obesity disorder,0.4579478591425518,0.5829450902995063,0.8683931933196872,,,0.4248372396409411,,"animal_model, genetic_association, literature",https://platform.opentargets.org/target/ENSG00000175426,Obesity-disorder association returned,Evidence linking the human target to obesity disorder.
ADCY3,ENSG00000138031,ADCY3,MONDO_0011122,obesity disorder,0.5987735916863729,0.714897171981576,0.8204759373150161,,,0.4198978019103466,,"animal_model, genetic_association, genetic_literature, literature",https://platform.opentargets.org/target/ENSG00000138031,Obesity-disorder association returned,Evidence linking the human target to obesity disorder.
GIPR,ENSG00000010310,GIPR,MONDO_0011122,obesity disorder,0.7364426152430092,0.894197977756513,0.4209376492357105,,,,,"clinical, genetic_association, literature",https://platform.opentargets.org/target/ENSG00000010310,Obesity-disorder association returned,Evidence linking the human target to obesity disorder.
BDNF,ENSG00000176697,BDNF,MONDO_0011122,obesity disorder,0.5950798534297795,0.7595649310656467,0.9694885128542468,,,0.6288655701060413,,"animal_model, genetic_association, literature",https://platform.opentargets.org/target/ENSG00000176697,Obesity-disorder association returned,Evidence linking the human target to obesity disorder.
SIM1,ENSG00000112246,SIM1,MONDO_0011122,obesity disorder,0.4808685896689535,0.5211408096142529,0.6539273664171796,,,0.321777771175831,,"animal_model, genetic_association, genetic_literature, literature",https://platform.opentargets.org/target/ENSG00000112246,Obesity-disorder association returned,Evidence linking the human target to obesity disorder.
TCF7L2,ENSG00000148737,TCF7L2,MONDO_0011122,obesity disorder,0.5117018655376461,0.8005427558916224,0.8233591561595988,,,,,"genetic_association, literature",https://platform.opentargets.org/target/ENSG00000148737,Obesity-disorder association returned,Evidence linking the human target to obesity disorder.
KSR2,ENSG00000171435,KSR2,MONDO_0011122,obesity disorder,0.2291666877188173,0.1945378552357187,0.7160540134965314,,,0.6759700747409817,,"animal_model, genetic_association, genetic_literature, literature",https://platform.opentargets.org/target/ENSG00000171435,Obesity-disorder association returned,Evidence linking the human target to obesity disorder.
MC3R,ENSG00000124089,MC3R,MONDO_0011122,obesity disorder,0.0876833694315868,0.0,0.4156603445548613,,,0.6172473370850192,,"animal_model, genetic_association, literature",https://platform.opentargets.org/target/ENSG00000124089,Obesity-disorder association returned,Evidence linking the human target to obesity disorder.
MRAP2,ENSG00000135324,MRAP2,MONDO_0011122,obesity disorder,0.2105339075732741,,0.6138977141075097,,,0.5243403129400233,,"animal_model, genetic_literature, literature",https://platform.opentargets.org/target/ENSG00000135324,Obesity-disorder association returned,Evidence linking the human target to obesity disorder.
TMEM18,ENSG00000151353,TMEM18,MONDO_0011122,obesity disorder,0.4432279335801651,0.6857076856753126,0.704987117016828,,,0.3653664093645842,,"animal_model, genetic_association, literature",https://platform.opentargets.org/target/ENSG00000151353,Obesity-disorder association returned,Evidence linking the human target to obesity disorder.
SLC39A8,ENSG00000138821,SLC39A8,MONDO_0011122,obesity disorder,0.5178578196376057,0.8465658578955473,0.1054186571559908,,,,,"genetic_association, literature",https://platform.opentargets.org/target/ENSG00000138821,Obesity-disorder association returned,Evidence linking the human target to obesity disorder.
PDE3B,ENSG00000152270,PDE3B,MONDO_0011122,obesity disorder,0.1057685082751526,,0.1697778419712207,,,,,"clinical, literature",https://platform.opentargets.org/target/ENSG00000152270,Obesity-disorder association returned,Evidence linking the human target to obesity disorder.
HMGA2,ENSG00000149948,HMGA2,MONDO_0011122,obesity disorder,0.0129450592030079,,0.1064681971522518,,,,,literature,https://platform.opentargets.org/target/ENSG00000149948,Obesity-disorder association returned,Evidence linking the human target to obesity disorder.
CALCR,ENSG00000004948,CALCR,MONDO_0011122,obesity disorder,0.3779521869970429,0.5245412097949077,0.2006573519898073,,,,,"clinical, genetic_association, literature",https://platform.opentargets.org/target/ENSG00000004948,Obesity-disorder association returned,Evidence linking the human target to obesity disorder.
TFAP2B,ENSG00000008196,TFAP2B,MONDO_0011122,obesity disorder,0.5275958402367178,0.8570620002221231,0.215861899573079,,,,,"genetic_association, literature",https://platform.opentargets.org/target/ENSG00000008196,Obesity-disorder association returned,Evidence linking the human target to obesity disorder.
SEC16B,ENSG00000120341,SEC16B,MONDO_0011122,obesity disorder,0.519783365172429,0.8354748147349401,0.3905870442109174,,,,,"genetic_association, literature",https://platform.opentargets.org/target/ENSG00000120341,Obesity-disorder association returned,Evidence linking the human target to obesity disorder.
FAIM2,ENSG00000135472,FAIM2,MONDO_0011122,obesity disorder,0.4659357334061912,0.7446051598431113,0.4364748332923209,,,,,"genetic_association, literature",https://platform.opentargets.org/target/ENSG00000135472,Obesity-disorder association returned,Evidence linking the human target to obesity disorder.
ZFHX3,ENSG00000140836,ZFHX3,MONDO_0011122,obesity disorder,0.4811211233111785,0.7762040091796146,0.3040741129611998,,,,,"genetic_association, literature",https://platform.opentargets.org/target/ENSG00000140836,Obesity-disorder association returned,Evidence linking the human target to obesity disorder.
NRXN3,ENSG00000021645,NRXN3,MONDO_0011122,obesity disorder,0.471123675805605,0.7618884493353735,0.2614844696566284,,,,,"genetic_association, literature",https://platform.opentargets.org/target/ENSG00000021645,Obesity-disorder association returned,Evidence linking the human target to obesity disorder.
ETV5,ENSG00000244405,ETV5,MONDO_0011122,obesity disorder,0.5000719434323868,0.8042832599288172,0.365942300073848,,,,,"genetic_association, literature",https://platform.opentargets.org/target/ENSG00000244405,Obesity-disorder association returned,Evidence linking the human target to obesity disorder.
NEGR1,ENSG00000172260,NEGR1,MONDO_0011122,obesity disorder,0.5469170371083623,0.8792319367096246,0.4081012045319914,,,,,"genetic_association, literature",https://platform.opentargets.org/target/ENSG00000172260,Obesity-disorder association returned,Evidence linking the human target to obesity disorder.
NPC1,ENSG00000141458,NPC1,MONDO_0011122,obesity disorder,0.3349037362023876,0.5293139998665553,0.4315443181378474,,,,,"genetic_association, literature",https://platform.opentargets.org/target/ENSG00000141458,Obesity-disorder association returned,Evidence linking the human target to obesity disorder.
ADCY5,ENSG00000173175,ADCY5,MONDO_0011122,obesity disorder,0.0889125979664231,0.1279656836826109,0.3657757712561242,,,,,"genetic_association, literature",https://platform.opentargets.org/target/ENSG00000173175,Obesity-disorder association returned,Evidence linking the human target to obesity disorder.
SPARC,ENSG00000113140,SPARC,MONDO_0011122,obesity disorder,0.0781609503969114,,0.6428441419975967,,,,,literature,https://platform.opentargets.org/target/ENSG00000113140,Obesity-disorder association returned,Evidence linking the human target to obesity disorder.
RPTOR,ENSG00000141564,RPTOR,MONDO_0011122,obesity disorder,0.3040523009150154,0.481671752596491,0.3694238954880876,,,,,"genetic_association, literature",https://platform.opentargets.org/target/ENSG00000141564,Obesity-disorder association returned,Evidence linking the human target to obesity disorder.
KCTD15,ENSG00000153885,KCTD15,MONDO_0011122,obesity disorder,0.0488888599233705,,0.4020923114558462,,,,,literature,https://platform.opentargets.org/target/ENSG00000153885,Obesity-disorder association returned,Evidence linking the human target to obesity disorder.
DPP9,ENSG00000142002,DPP9,MONDO_0011122,obesity disorder,0.0100108916527011,,0.0823357830531939,,,,,literature,https://platform.opentargets.org/target/ENSG00000142002,Obesity-disorder association returned,Evidence linking the human target to obesity disorder.
GNPDA2,ENSG00000163281,GNPDA2,MONDO_0011122,obesity disorder,0.4904358310775203,0.7901357051312811,0.3318799335474601,,,,,"genetic_association, literature",https://platform.opentargets.org/target/ENSG00000163281,Obesity-disorder association returned,Evidence linking the human target to obesity disorder.
ADCY9,ENSG00000162104,ADCY9,MONDO_0011122,obesity disorder,0.493730200286422,0.8039867682072352,0.1632384159677967,,,,,"genetic_association, literature",https://platform.opentargets.org/target/ENSG00000162104,Obesity-disorder association returned,Evidence linking the human target to obesity disorder.
MAP2K5,ENSG00000137764,MAP2K5,MONDO_0011122,obesity disorder,0.2167295222679551,0.3489910635787205,0.1502508721439478,,,,,"genetic_association, literature",https://platform.opentargets.org/target/ENSG00000137764,Obesity-disorder association returned,Evidence linking the human target to obesity disorder.
FGF19,ENSG00000162344,FGF19,MONDO_0011122,obesity disorder,0.0541143472742126,,0.4450699609792083,,,,,literature,https://platform.opentargets.org/target/ENSG00000162344,Obesity-disorder association returned,Evidence linking the human target to obesity disorder.
CCND2,ENSG00000118971,CCND2,MONDO_0011122,obesity disorder,0.017765463756676,,0.1461141944648248,,,,,literature,https://platform.opentargets.org/target/ENSG00000118971,Obesity-disorder association returned,Evidence linking the human target to obesity disorder.
LINGO2,ENSG00000174482,LINGO2,MONDO_0011122,obesity disorder,0.4418769534424759,0.7243669796528515,0.0497411134470271,,,,,"genetic_association, literature",https://platform.opentargets.org/target/ENSG00000174482,Obesity-disorder association returned,Evidence linking the human target to obesity disorder.
ANO4,ENSG00000151572,ANO4,MONDO_0011122,obesity disorder,0.003695798546847,,0.030396539880581,,,,,literature,https://platform.opentargets.org/target/ENSG00000151572,Obesity-disorder association returned,Evidence linking the human target to obesity disorder.
UBR2,ENSG00000024048,UBR2,MONDO_0011122,obesity disorder,0.0044144260420672,,0.036306978190694,,,,,literature,https://platform.opentargets.org/target/ENSG00000024048,Obesity-disorder association returned,Evidence linking the human target to obesity disorder.
ROBO1,ENSG00000169855,ROBO1,MONDO_0011122,,,,,,,,,,https://platform.opentargets.org/target/ENSG00000169855,Target mapped; no obesity-disorder association returned,Evidence linking the human target to obesity disorder.
ANKRD27,ENSG00000105186,ANKRD27,MONDO_0011122,,,,,,,,,,https://platform.opentargets.org/target/ENSG00000105186,Target mapped; no obesity-disorder association returned,Evidence linking the human target to obesity disorder.
BLTP1,ENSG00000138688,BLTP1,MONDO_0011122,obesity disorder,0.01642577131932,,0.1350957328025824,,,,,literature,https://platform.opentargets.org/target/ENSG00000138688,Obesity-disorder association returned,Evidence linking the human target to obesity disorder.
CRTC1,ENSG00000105662,CRTC1,MONDO_0011122,obesity disorder,0.3849415445311951,0.5957002536649635,0.7499871456676186,,,,,"genetic_association, literature",https://platform.opentargets.org/target/ENSG00000105662,Obesity-disorder association returned,Evidence linking the human target to obesity disorder.
MCM6,ENSG00000076003,MCM6,MONDO_0011122,obesity disorder,0.1657170024419791,0.2701762102083496,0.0483135080539321,,,,,"genetic_association, literature",https://platform.opentargets.org/target/ENSG00000076003,Obesity-disorder association returned,Evidence linking the human target to obesity disorder.
SYT10,ENSG00000110975,SYT10,MONDO_0011122,obesity disorder,0.1624569968226125,0.2672294239095266,,,,,,genetic_association,https://platform.opentargets.org/target/ENSG00000110975,Obesity-disorder association returned,Evidence linking the human target to obesity disorder.
COBLL1,ENSG00000082438,COBLL1,MONDO_0011122,obesity disorder,0.0685775607222853,,0.5640244004063134,,,,,literature,https://platform.opentargets.org/target/ENSG00000082438,Obesity-disorder association returned,Evidence linking the human target to obesity disorder.
