Gene,UniProt_ID,Protein,Reviewed,Function,Subcellular_Location,Tissue_Specificity,Disease_Annotation,GO_Process,Ensembl_ID
GPR75,O95800,Probable G protein-coupled receptor 75,True,"G protein-coupled receptor that is activated by the chemokine CCL5/RANTES. Probably coupled to heterotrimeric Gq proteins, it stimulates inositol trisphosphate production and calcium mobilization upon activation. Together with CCL5/RANTES, may play a role in neuron survival through activation of a downstream signaling pathway involving the PI3, Akt and MAP kinases. CCL5/RANTES may also regulate insulin secretion by pancreatic islet cells through activation of this receptor",Cell membrane Multi-pass membrane protein,"Expressed at high levels in brain and spinal cord and at detectable levels in retinal pigment epithelium. In situ hybridization of adult eye sections localized transcripts only to the perivascular cells, surrounding retinal arterioles, in the ganglion cell/nerve fiber layer. Also expressed by islet cells (at protein level)",,chemokine-mediated signaling pathway; G protein-coupled receptor signaling pathway,ENSG00000119737
MC4R,P32245,Melanocortin receptor 4,True,"G protein-coupled receptor that binds melanocyte-stimulating hormones (alpha- and beta-MSH) and corticotropin/ACTH, which are peptide products of the POMC precursor (PubMed:12646665, PubMed:14764818, PubMed:25163632, PubMed:32327598, PubMed:33858992, PubMed:8392067). Functions as a central component of the leptin-melanocortin pathway, which is essential for maintaining energy homeostasis (PubMed:32327598, PubMed:33858992). Upon activation, couples to G(s) protein, stimulating adenylate cyclase and the cAMP-dependent signaling pathway, which promotes anorexogenic signaling in the hypothalamus and contributes to a negative energy balance (PubMed:12588803, PubMed:14764818, PubMed:25163632, PubMed:33858992). Regulates food intake: activation by agonists suppresses appetite, whereas the antagonist Agouti-related protein/AGRP precludes agonist-induced signaling, thereby stimulating appetite (PubMed:9311920, PubMed:29311635). Modulates the firing activity of neurons in paraventricular nucleus (PVN) of the hypothalamus via alpha-MSH and AGRP regulation of inwardly rectifying potassium channel KCNJ13 closure, independently of G(s) signaling (PubMed:32327598). In the PVN, also interacts with opsin 3/OPN3, which couples to G(i/o) proteins to inhibit MC4R-mediated cAMP signaling, thereby promoting food intake (PubMed:39951488). In intestinal epithelial cells, contributes to inhibition of hepatic glucose production via nesfatin-1/NUCB2, leading to increased cAMP levels and glucagon-like peptide 1 (GLP-1) secretion (PubMed:39562740). Interaction with MGRN1 displaces the G(s) protein, further decreasing MC4R signaling activity (PubMed:19737927). Also activated by gamma-MSH, though with low potency (PubMed:8392067)","Cell membrane Multi-pass membrane protein; Cell projection, cilium membrane Multi-pass membrane protein","Brain, placental, and gut tissues","Obesity: A condition characterized by an increase of body weight beyond the limitation of skeletal and physical requirements, as the result of excessive accumulation of body fat.",adenylate cyclase-activating G protein-coupled receptor signaling pathway; adenylate cyclase-modulating G protein-coupled receptor signaling pathway; feeding behavior; negative regulation of appetite; negative regulation of feeding behavior; positive regulation of bone resorption; regulation of eating behavior; regulation of feeding behavior; response to melanocyte-stimulating hormone,ENSG00000166603
LEP,P41159,Leptin,True,"Key player in the regulation of energy balance and body weight control. Once released into the circulation, has central and peripheral effects by binding LEPR, found in many tissues, which results in the activation of several major signaling pathways (PubMed:15899045, PubMed:17344214, PubMed:19688109). In the hypothalamus, acts as an appetite-regulating factor that induces a decrease in food intake and an increase in energy consumption by inducing anorexinogenic factors and suppressing orexigenic neuropeptides, also regulates bone mass and secretion of hypothalamo-pituitary-adrenal hormones. In the periphery, increases basal metabolism, influences reproductive function, regulates pancreatic beta-cell function and insulin secretion, is pro-angiogenic for endothelial cell and affects innate and adaptive immunity (By similarity) (PubMed:11460888, PubMed:19688109, PubMed:24340098, PubMed:25060689, PubMed:8589726). In the arcuate nucleus of the hypothalamus, activates by depolarization POMC neurons inducing FOS and SOCS3 expression to release anorexigenic peptides and inhibits by hyperpolarization NPY neurons inducing SOCS3 with a consequent reduction on release of orexigenic peptides (By similarity). In addition to its known satiety inducing effect, has a modulatory role in nutrient absorption. In the intestine, reduces glucose absorption by enterocytes by activating PKC and leading to a sequential activation of p38, PI3K and ERK signaling pathways which exerts an inhibitory effect on glucose absorption (PubMed:24340098). Acts as a growth factor on certain tissues, through the activation of different signaling pathways increases expression of genes involved in cell cycle regulation such as CCND1, via JAK2-STAT3 pathway, or VEGFA, via MAPK1/3 and PI3K-AKT1 pathways (By similarity) (PubMed:17344214). May also play an apoptotic role via JAK2-STAT3 pathway and up-regulation of BIRC5 expression (PubMed:18242580). Pro-angiogenic, has mitogenic activity on vascular endothelial cells and plays a role in matrix remodeling by regulating the expression of matrix metalloproteinases (MMPs) and tissue inhibitors of metalloproteinases (TIMPs) (PubMed:11460888). In innate immunity, modulates the activity and function of neutrophils by increasing chemotaxis and the secretion of oxygen radicals. Increases phagocytosis by macrophages and enhances secretion of pro-inflammatory mediators. Increases cytotoxic ability of NK cells (PubMed:12504075). Plays a pro-inflammatory role, in synergy with IL1B, by inducing NOS2 which promotes the production of IL6, IL8 and Prostaglandin E2, through a signaling pathway that involves JAK2, PI3K, MAP2K1/MEK1 and MAPK14/p38 (PubMed:15899045, PubMed:19688109). In adaptive immunity, promotes the switch of memory T-cells towards T helper-1 cell immune responses (By similarity). Increases CD4(+)CD25(-) T-cell proliferation and reduces autophagy during TCR (T-cell receptor) stimulation, through MTOR signaling pathway activation and BCL2 up-regulation (PubMed:25060689)",Secreted,"Adipose tissue is the main source of leptin. It is also produced by other peripheral tissues such as the skeletal muscle (PubMed:12448771, PubMed:16052473, PubMed:7789654). Expressed by intercalated and striated tracts of submandibular and parotid salivary gland intralobular ducts (PubMed:12448771). Detected by fundic epithelium of the gastric mucosa (PubMed:10896907). Secreted into blood and gastric juice (PubMed:10896907)","Leptin deficiency: A rare disease characterized by low levels of serum leptin, severe hyperphagia and intractable obesity from an early age.",activation of protein kinase C activity; adult feeding behavior; angiogenesis; bone growth; bone mineralization involved in bone maturation; cardiac muscle hypertrophy; cell surface receptor signaling pathway via JAK-STAT; cell surface receptor signaling pathway via STAT; cellular response to L-ascorbic acid; cellular response to leptin stimulus; cellular response to retinoic acid; circadian rhythm; energy homeostasis; energy reserve metabolic process; fatty acid catabolic process; female pregnancy; glycerol biosynthetic process; intestinal absorption; intracellular signal transduction; leptin-mediated signaling pathway; leukocyte tethering or rolling; lipid metabolic process; negative regulation of apoptotic process; negative regulation of appetite; negative regulation of appetite by leptin-mediated signaling pathway; negative regulation of autophagy; negative regulation of cartilage development; negative regulation of D-glucose import across plasma membrane; negative regulation of glucagon secretion; negative regulation of glutamine transport; negative regulation of lipid storage; negative regulation of transcription by RNA polymerase II; negative regulation of vasoconstriction; ovulation from ovarian follicle; phagocytosis; placenta development; positive regulation of cold-induced thermogenesis; positive regulation of developmental growth; positive regulation of fat cell apoptotic process; positive regulation of follicle-stimulating hormone secretion; positive regulation of hepatic stellate cell activation; positive regulation of insulin receptor signaling pathway; positive regulation of interleukin-12 production; positive regulation of interleukin-6 production; positive regulation of interleukin-8 production; positive regulation of luteinizing hormone secretion; positive regulation of MAPK cascade; positive regulation of monoatomic ion transport; positive regulation of p38MAPK cascade; positive regulation of peroxisome proliferator activated receptor signaling pathway; positive regulation of phosphatidylinositol 3-kinase/protein kinase B signal transduction; positive regulation of protein import into nucleus; positive regulation of reactive oxygen species metabolic process; positive regulation of receptor signaling pathway via JAK-STAT; positive regulation of T cell proliferation; positive regulation of TOR signaling; positive regulation of tumor necrosis factor production; prostaglandin secretion; regulation of angiogenesis; regulation of blood pressure; regulation of bone remodeling; regulation of brown fat cell differentiation; regulation of cell cycle; regulation of cytokine production involved in inflammatory response; regulation of endothelial cell proliferation; regulation of lipoprotein lipid oxidation; regulation of natural killer cell activation; regulation of natural killer cell mediated cytotoxicity; regulation of natural killer cell proliferation; regulation of nitric-oxide synthase activity; response to activity; response to dietary excess; response to estradiol; response to ethanol; response to hypoxia; response to insulin; response to vitamin E; sexual reproduction; T cell differentiation,ENSG00000174697
LEPR,P48357,Leptin receptor,True,"Receptor for hormone LEP/leptin (Probable) (PubMed:22405007). On ligand binding, mediates LEP central and peripheral effects through the activation of different signaling pathways such as JAK2/STAT3 and MAPK cascade/FOS. In the hypothalamus, LEP acts as an appetite-regulating factor that induces a decrease in food intake and an increase in energy consumption by inducing anorexinogenic factors and suppressing orexigenic neuropeptides, also regulates bone mass and secretion of hypothalamo-pituitary-adrenal hormones (By similarity) (PubMed:9537324). In the periphery, increases basal metabolism, influences reproductive function, regulates pancreatic beta-cell function and insulin secretion, is pro-angiogenic and affects innate and adaptive immunity (PubMed:12504075, PubMed:25060689, PubMed:8805376). Control of energy homeostasis and melanocortin production (stimulation of POMC and full repression of AgRP transcription) is mediated by STAT3 signaling, whereas distinct signals regulate NPY and the control of fertility, growth and glucose homeostasis. Involved in the regulation of counter-regulatory response to hypoglycemia by inhibiting neurons of the parabrachial nucleus. Has a specific effect on T lymphocyte responses, differentially regulating the proliferation of naive and memory T -ells. Leptin increases Th1 and suppresses Th2 cytokine production (By similarity); May transport LEP across the blood-brain barrier. Binds LEP and mediates LEP endocytosis. Does not induce phosphorylation of and activate STAT3; Antagonizes Isoform A and isoform B-mediated LEP binding and endocytosis",Cell membrane Single-pass type I membrane protein; Basolateral cell membrane; Secreted,"Isoform A is expressed in fetal liver and in hematopoietic tissues and choroid plexus. In adults highest expression in heart, liver, small intestine, prostate and ovary. Low level in lung and kidney. Isoform B is highly expressed in hypothalamus, but also in skeletal muscle. Detected in fundic and antral epithelial cells of the gastric mucosa (PubMed:19159218). Isoform B and isoform A are expressed by NK cells (at protein level) (PubMed:12504075)","Leptin receptor deficiency: A rare disease characterized by normal levels of serum leptin, hyperphagia and severe obesity from an early age. Additional features include alterations in immune function, and delayed puberty due to hypogonadotropic hypogonadism.",angiogenesis; bone growth; cell surface receptor signaling pathway; cell surface receptor signaling pathway via STAT; cytokine-mediated signaling pathway; energy homeostasis; energy reserve metabolic process; glucose homeostasis; leptin-mediated signaling pathway; multicellular organism development; negative regulation of autophagy; phagocytosis; positive regulation of cell population proliferation; positive regulation of cold-induced thermogenesis; regulation of bone remodeling; regulation of cytokine production involved in inflammatory response; regulation of feeding behavior; regulation of transport; response to leptin; sexual reproduction; T cell differentiation; transport across blood-brain barrier,ENSG00000116678
POMC,P01189,Pro-opiomelanocortin,True,"Precursor protein of pituitary hormones that are involved in diverse physiological processes, including the regulation of energy balance, stress response, immune function and skin pigmentation; Functions as a ligand for the melanocortin receptors MC1R, MC2R, MC3R and MC5R (PubMed:8396929, PubMed:8463333, PubMed:8636348). Activation of MC1R increases melanogenesis in melanocytes found in the skin and hair (PubMed:9620771). Binding to MC2R stimulates the adrenal glands to secrete cortisol (PubMed:8636348). Contributes to the regulation of energy homeostasis through activation of MC3R (Probable). Involved in the regulation exocrine gland function through MC5R activation (By similarity); Serves as a ligand for the melanocortin receptors MC1R, MC3R, MC4R and MC5R (PubMed:8392067, PubMed:8396929, PubMed:8463333). Activation of MC1R promotes melanogenesis in melanocytes of the skin and hair (PubMed:10403794, PubMed:9620771). Contributes to the regulation of energy homeostasis through activation of MC3R (Probable). Through MC4R activation, functions as an anorexigenic peptide (PubMed:8392067). Promotes immunosuppression and involved in the regulation exocrine gland function through MC5R activation (By similarity); Functions as a ligand for the melanocortin receptors MC1R, MC3R, MC4R and MC5R (PubMed:8396929, PubMed:8463333). Activation of MC1R increases melanogenesis in melanocytes found in the skin and hair (Probable). Contributes to the regulation of energy homeostasis through activation of MC3R (Probable). Through MC4R activation, functions as an anorexigenic peptide (PubMed:8392067). Involved in the regulation exocrine gland function through MC5R activation (By similarity); Functions as a ligand for the melanocortin receptors MC1R, MC3R, MC4R and MC5R (PubMed:8396929, PubMed:8463333). Activation of MC1R increases melanogenesis in melanocytes found in the skin and hair (Probable). Contributes to the regulation of energy homeostasis through activation of MC3R (Probable). Binds to MC4R with low potency (PubMed:8392067). Involved in the regulation exocrine gland function through MC5R activation (By similarity); Endogenous orexigenic opiate; Endogenous opiate",Secreted,ACTH and MSH are produced by the pituitary gland,"Obesity: A condition characterized by an increase of body weight beyond the limitation of skeletal and physical requirements, as the result of excessive accumulation of body fat.; Obesity, early-onset, with adrenal insufficiency and red hair: An autosomal recessive disorder characterized by early-onset obesity due to severe hyperphagia, pigmentary abnormalities, mainly pale skin and red hair, and secondary hypocortisolism.",calcium-mediated signaling; cell-cell signaling; cellular pigmentation; generation of precursor metabolites and energy; negative regulation of tumor necrosis factor production; positive regulation of adenylate cyclase-activating G protein-coupled receptor signaling pathway; positive regulation of oxytocin production; positive regulation of transcription by RNA polymerase II; regulation of appetite; regulation of blood pressure; response to melanocyte-stimulating hormone; signal transduction,ENSG00000115138
PPARG,P37231,Peroxisome proliferator-activated receptor gamma,True,"Ligand-activated transcription factor that forms obligate heterodimers with the retinoic acid receptor and acts as a key regulator of biological processes, such as adipocyte differentiation, lipid metabolism, glucose homeostasis and beta-oxidation of fatty acids (PubMed:16150867, PubMed:20829347, PubMed:23525231, PubMed:8702406, PubMed:8706692, PubMed:9065481). Activated by lipid ligands: binds peroxisome proliferators, such as hypolipidemic drugs, and fatty acids, such as prostaglandin J2 metabolites (PubMed:16150867, PubMed:20829347, PubMed:23525231, PubMed:8702406, PubMed:8706692, PubMed:9065481). Ligand-binding results in a conformational change in the receptor, promoting dissociation of repressors and recruitment of coactivators, and subsequent activation of target gene expression (PubMed:16150867, PubMed:20829347, PubMed:23525231, PubMed:8702406, PubMed:8706692, PubMed:9065481). Specifically binds to DNA specific PPAR response elements (PPRE) and modulates the transcription of its target genes, such as acyl-CoA oxidase (By similarity). Acts as a critical regulator of gut homeostasis by suppressing NF-kappa-B-mediated pro-inflammatory responses (PubMed:20829347). Plays a role in the regulation of cardiovascular circadian rhythms by regulating the transcription of BMAL1 in the blood vessels (By similarity); Nuclear receptor that acts as the key factor controlling the development of adipocytes (By similarity). Specifically activated by 15-deoxy-delta12,14-prostaglandin J2 ligand during early adipogenesis, driving differentiation of all types of adipocytes (white, beige and brown) (By similarity). Acts together with retinoic acid receptor RXRA, forming the ARF6 complex, which acts as a key regulator of the tissue-specific adipocyte P2 (aP2) enhancer (By similarity). Following recruitment of TLE3, promotes differentiation of white adipocytes (By similarity). Following recruitment of PRDM16, promotes differentiation of myoblastic precursors into brown adipose cells (BAT), which are specialized in dissipating energy in the form of heat in response to cold or excess feeding (By similarity). Also mediates diffentiation of white adipocytes into beige adipocytes by mediating recruitment of PRDM16 (By similarity); (Microbial infection) Upon treatment with M.tuberculosis or its lipoprotein LpqH, phosphorylation of MAPK p38 and IL-6 production are modulated, probably via this protein",Nucleus; Cytoplasm,"Highest expression in adipose tissue. Lower in skeletal muscle, spleen, heart and liver. Also detectable in placenta, lung and ovary","Obesity: A condition characterized by an increase of body weight beyond the limitation of skeletal and physical requirements, as the result of excessive accumulation of body fat.; Lipodystrophy, familial partial, 3: An autosomal dominant form of lipodystrophy characterized by marked loss of subcutaneous fat from the extremities. Facial adipose tissue may be increased, decreased or normal. Affected individuals show an increased preponderance of insulin resistance, diabetes mellitus and dyslipidemia.; Glioma 1: Gliomas are benign or malignant central nervous system neoplasms derived from glial cells. They comprise astrocytomas and glioblastoma multiforme that are derived from astrocytes, oligodendrogliomas derived from oligodendrocytes and ependymomas derived from ependymocytes.",beige fat cell differentiation; BMP signaling pathway; brown fat cell differentiation; cell differentiation; cell fate commitment; cell maturation; cellular response to hypoxia; cellular response to insulin stimulus; cellular response to low-density lipoprotein particle stimulus; epithelial cell differentiation; fat cell differentiation; fatty acid metabolic process; glucose homeostasis; hormone-mediated signaling pathway; innate immune response; intracellular receptor signaling pathway; lipid homeostasis; long-chain fatty acid transport; monocyte differentiation; mRNA transcription by RNA polymerase II; negative regulation of angiogenesis; negative regulation of blood vessel endothelial cell migration; negative regulation of BMP signaling pathway; negative regulation of cardiac muscle hypertrophy in response to stress; negative regulation of cellular response to transforming growth factor beta stimulus; negative regulation of cholesterol storage; negative regulation of connective tissue replacement involved in inflammatory response wound healing; negative regulation of DNA-templated transcription; negative regulation of extracellular matrix assembly; negative regulation of gene expression; negative regulation of inflammatory response; negative regulation of lipid storage; negative regulation of macrophage derived foam cell differentiation; negative regulation of MAPK cascade; negative regulation of miRNA transcription; negative regulation of mitochondrial fission; negative regulation of osteoblast differentiation; negative regulation of receptor signaling pathway via STAT; negative regulation of SMAD protein signal transduction; negative regulation of smooth muscle cell proliferation; negative regulation of transcription by RNA polymerase II; negative regulation of transforming growth factor beta receptor signaling pathway; negative regulation of type II interferon-mediated signaling pathway; negative regulation of vascular associated smooth muscle cell proliferation; negative regulation of vascular endothelial cell proliferation; peroxisome proliferator activated receptor signaling pathway; placenta development; positive regulation of adiponectin secretion; positive regulation of adipose tissue development; positive regulation of apoptotic signaling pathway; positive regulation of cholesterol efflux; positive regulation of cholesterol transport; positive regulation of DNA-templated transcription; positive regulation of fat cell differentiation; positive regulation of fatty acid metabolic process; positive regulation of gene expression; positive regulation of lipid metabolic process; positive regulation of lipoprotein transport; positive regulation of miRNA transcription; positive regulation of transcription by RNA polymerase II; positive regulation of vascular associated smooth muscle cell apoptotic process; regulation of blood pressure; regulation of cellular response to insulin stimulus; regulation of circadian rhythm; regulation of transcription by RNA polymerase II; response to lipid; response to nutrient; retinoic acid receptor signaling pathway; white fat cell differentiation,ENSG00000132170
FTO,Q9C0B1,Alpha-ketoglutarate-dependent dioxygenase FTO,True,"RNA demethylase that mediates oxidative demethylation of different RNA species, such as mRNAs, tRNAs and snRNAs, and acts as a regulator of fat mass, adipogenesis and energy homeostasis (PubMed:22002720, PubMed:25452335, PubMed:26457839, PubMed:26458103, PubMed:28002401, PubMed:30197295). Specifically demethylates N(6)-methyladenosine (m6A) RNA, the most prevalent internal modification of messenger RNA (mRNA) in higher eukaryotes (PubMed:22002720, PubMed:25452335, PubMed:26457839, PubMed:26458103, PubMed:30197295). M6A demethylation by FTO affects mRNA expression and stability (PubMed:30197295). Also able to demethylate m6A in U6 small nuclear RNA (snRNA) (PubMed:30197295). Mediates demethylation of N(6),2'-O-dimethyladenosine cap (m6A(m)), by demethylating the N(6)-methyladenosine at the second transcribed position of mRNAs and U6 snRNA (PubMed:28002401, PubMed:30197295). Demethylation of m6A(m) in the 5'-cap by FTO affects mRNA stability by promoting susceptibility to decapping (PubMed:28002401). Also acts as a tRNA demethylase by removing N(1)-methyladenine from various tRNAs (PubMed:30197295). Has no activity towards 1-methylguanine (PubMed:20376003). Has no detectable activity towards double-stranded DNA (PubMed:20376003). Also able to repair alkylated DNA and RNA by oxidative demethylation: demethylates single-stranded RNA containing 3-methyluracil, single-stranded DNA containing 3-methylthymine and has low demethylase activity towards single-stranded DNA containing 1-methyladenine or 3-methylcytosine (PubMed:18775698, PubMed:20376003). Ability to repair alkylated DNA and RNA is however unsure in vivo (PubMed:18775698, PubMed:20376003). Involved in the regulation of fat mass, adipogenesis and body weight, thereby contributing to the regulation of body size and body fat accumulation (PubMed:18775698, PubMed:20376003). Involved in the regulation of thermogenesis and the control of adipocyte differentiation into brown or white fat cells (PubMed:26287746). Regulates activity of the dopaminergic midbrain circuitry via its ability to demethylate m6A in mRNAs (By similarity). Plays an oncogenic role in a number of acute myeloid leukemias by enhancing leukemic oncogene-mediated cell transformation: acts by mediating m6A demethylation of target transcripts such as MYC, CEBPA, ASB2 and RARA, leading to promote their expression (PubMed:28017614, PubMed:29249359)",Nucleus; Nucleus speckle; Cytoplasm,"Ubiquitously expressed, with relatively high expression in adrenal glands and brain; especially in hypothalamus and pituitary (PubMed:17434869, PubMed:17496892). Highly expressed in highly expressed in acute myeloid leukemias (AML) with t(11;11)(q23;23) with KMT2A/MLL1 rearrangements, t(15;17)(q21;q21)/PML-RARA, FLT3-ITD, and/or NPM1 mutations (PubMed:28017614)","Growth retardation, developmental delay, and facial dysmorphism: A severe polymalformation syndrome characterized by postnatal growth retardation, microcephaly, severe psychomotor delay, functional brain deficits and characteristic facial dysmorphism. In some patients, structural brain malformations, cardiac defects, genital anomalies, and cleft palate are observed. Early death occurs by the age of 3 years.; Obesity: A condition characterized by an increase of body weight beyond the limitation of skeletal and physical requirements, as the result of excessive accumulation of body fat.",adipose tissue development; DNA alkylation repair; mRNA destabilization; regulation of brown fat cell differentiation; regulation of lipid storage; regulation of multicellular organism growth; regulation of respiratory system process; regulation of white fat cell proliferation; RNA repair; snRNA processing; temperature homeostasis,ENSG00000140718
SH2B1,Q9NRF2,SH2B adapter protein 1,True,"Adapter protein for several members of the tyrosine kinase receptor family. Involved in multiple signaling pathways mediated by Janus kinase (JAK) and receptor tyrosine kinases, including the receptors of insulin (INS), insulin-like growth factor 1 (IGF1), nerve growth factor (NGF), brain-derived neurotrophic factor (BDNF), glial cell line-derived neurotrophic factor (GDNF), platelet-derived growth factor (PDGF) and fibroblast growth factors (FGFs). In growth hormone (GH) signaling, autophosphorylated ('Tyr-813') JAK2 recruits SH2B1, which in turn is phosphorylated by JAK2 on tyrosine residues. These phosphotyrosines form potential binding sites for other signaling proteins. GH also promotes serine/threonine phosphorylation of SH2B1 and these phosphorylated residues may serve to recruit other proteins to the GHR-JAK2-SH2B1 complexes, such as RAC1. In leptin (LEP) signaling, binds to and potentiates the activation of JAK2 by globally enhancing downstream pathways. In response to leptin, binds simultaneously to both, JAK2 and IRS1 or IRS2, thus mediating formation of a complex of JAK2, SH2B1 and IRS1 or IRS2. Mediates tyrosine phosphorylation of IRS1 and IRS2, resulting in activation of the PI 3-kinase pathway. Acts as a positive regulator of NGF-mediated activation of the Akt/Forkhead pathway; prolongs NGF-induced phosphorylation of AKT1 on 'Ser-473' and AKT1 enzymatic activity. Enhances the kinase activity of the cytokine receptor-associated tyrosine kinase JAK2 and of other receptor tyrosine kinases, such as FGFR3 and NTRK1. For JAK2, the mechanism seems to involve dimerization of both, SH2B1 and JAK2. Enhances RET phosphorylation and kinase activity. Isoforms seem to be differentially involved in IGF1 and PDGF-induced mitogenesis (By similarity)",Cytoplasm; Membrane; Nucleus,Widely expressed with highest levels in skeletal muscle and ovary,,intracellular signal transduction; positive regulation of SMAD protein signal transduction,ENSG00000178188
PCSK1,P29120,Neuroendocrine convertase 1,True,"Involved in the processing of hormone and other protein precursors at sites comprised of pairs of basic amino acid residues. Substrates include POMC, renin, oxytocin, vasopressin, enkephalin, dynorphin, somatostatin, insulin and AGRP","Cytoplasmic vesicle, secretory vesicle",,"Proprotein convertase 1 deficiency: Characterized by obesity, hypogonadism, hypoadrenalism, reactive hypoglycemia as well as marked small-intestinal absorptive dysfunction It is due to impaired processing of prohormones.",cell-cell signaling; insulin processing; peptide biosynthetic process; peptide hormone processing; proteolysis,ENSG00000175426
ADCY3,O60266,Adenylate cyclase type 3,True,Catalyzes the formation of the signaling molecule cAMP in response to G protein signaling (PubMed:29311635). Participates in signaling cascades triggered by odorant receptors via its function in cAMP biosynthesis: specifically activated by G alpha protein GNAL/G(olf) in olfactory epithelium (By similarity). Mediates signaling cascades in primary cilia: specifically activated by G alpha protein GNAS/G(s) in primary cilia (PubMed:29311635). Plays a role in regulating food intake and body fat accumulation in the paraventricular nucleus of the hypothalamus (PVH) by acting downstream of MC4R activation (PubMed:29311635). Required for normal sperm motility and normal male fertility (By similarity),"Cell membrane Multi-pass membrane protein; Cell projection, cilium membrane Multi-pass membrane protein; Cell projection, cilium; Cytoplasm; Golgi apparatus","Detected in zona glomerulosa and zona fasciculata in the adrenal gland (at protein level) (PubMed:11549699). Expressed in brain, heart, kidney, liver, lung, pancreas islets, placenta, and skeletal muscle (PubMed:9920776). Detected in testis (PubMed:15705663)","Obesity: A condition characterized by an increase of body weight beyond the limitation of skeletal and physical requirements, as the result of excessive accumulation of body fat.",acrosome reaction; adenylate cyclase-activating G protein-coupled receptor signaling pathway; cAMP biosynthetic process; cellular response to forskolin; cellular response to glucagon stimulus; flagellated sperm motility; intracellular signal transduction; negative regulation of appetite; olfactory learning; renal water homeostasis; sensory perception of smell; single fertilization; vascular endothelial cell response to laminar fluid shear stress,ENSG00000138031
GIPR,P48546,Gastric inhibitory polypeptide receptor,True,This is a receptor for GIP. The activity of this receptor is mediated by G proteins which activate adenylyl cyclase,Cell membrane Multi-pass membrane protein,,,activation of adenylate cyclase activity; adenylate cyclase-activating G protein-coupled receptor signaling pathway; adenylate cyclase-modulating G protein-coupled receptor signaling pathway; cell surface receptor signaling pathway; desensitization of G protein-coupled receptor signaling pathway; gastric inhibitory peptide signaling pathway; generation of precursor metabolites and energy; positive regulation of cytosolic calcium ion concentration; positive regulation of insulin secretion; regulation of insulin secretion; response to axon injury; response to calcium ion; response to fatty acid; response to glucose; response to nutrient,ENSG00000010310
BDNF,P23560,Neurotrophic factor BDNF precursor form,True,"Important signaling molecule that activates signaling cascades downstream of NTRK2 (PubMed:11152678). During development, promotes the survival and differentiation of selected neuronal populations of the peripheral and central nervous systems. Participates in axonal growth, pathfinding and in the modulation of dendritic growth and morphology. Major regulator of synaptic transmission and plasticity at adult synapses in many regions of the CNS. The versatility of BDNF is emphasized by its contribution to a range of adaptive neuronal responses including long-term potentiation (LTP), long-term depression (LTD), certain forms of short-term synaptic plasticity, as well as homeostatic regulation of intrinsic neuronal excitability; Important signaling molecule that activates signaling cascades downstream of NTRK2. Activates signaling cascades via the heterodimeric receptor formed by NGFR and SORCS2 (PubMed:24908487, PubMed:29909994). Signaling via NGFR and SORCS2 plays a role in synaptic plasticity and long-term depression (LTD). Binding to NGFR and SORCS2 promotes neuronal apoptosis. Promotes neuronal growth cone collapse (By similarity)",Secreted,"Detected in blood plasma and in saliva (at protein level) (PubMed:11152678, PubMed:19467646). Brain. Highly expressed in hippocampus, amygdala, cerebral cortex and cerebellum. Also expressed in heart, lung, skeletal muscle, testis, prostate and placenta",,"axon guidance; brain-derived neurotrophic factor receptor signaling pathway; cell surface receptor protein tyrosine kinase signaling pathway; circadian rhythm; collateral sprouting; modulation of chemical synaptic transmission; negative regulation of apoptotic signaling pathway; negative regulation of myotube differentiation; negative regulation of neuron apoptotic process; nerve development; nerve growth factor signaling pathway; nervous system development; neuron projection morphogenesis; positive regulation of brain-derived neurotrophic factor receptor signaling pathway; positive regulation of collateral sprouting; positive regulation of neuron projection development; positive regulation of synapse assembly; regulation of protein localization to cell surface; synapse assembly; trans-synaptic signaling by BDNF, modulating synaptic transmission",ENSG00000176697
SIM1,P81133,Single-minded homolog 1,True,Transcriptional factor that may have pleiotropic effects during embryogenesis and in the adult,Nucleus,,,nervous system development; regulation of transcription by RNA polymerase II; ureteric bud development,ENSG00000112246
TCF7L2,Q9NQB0,Transcription factor 7-like 2,True,"Participates in the Wnt signaling pathway and modulates MYC expression by binding to its promoter in a sequence-specific manner. Acts as a repressor in the absence of CTNNB1, and as activator in its presence. Activates transcription from promoters with several copies of the Tcf motif 5'-CCTTTGATC-3' in the presence of CTNNB1. TLE1, TLE2, TLE3 and TLE4 repress transactivation mediated by TCF7L2/TCF4 and CTNNB1. Expression of dominant-negative mutants results in cell-cycle arrest in G1. Necessary for the maintenance of the epithelial stem-cell compartment of the small intestine","Nucleus, PML body; Nucleus","Detected in epithelium from small intestine, with the highest expression at the top of the crypts and a gradient of expression from crypt to villus. Detected in colon epithelium and colon cancer, and in epithelium from mammary gland and carcinomas derived therefrom","Type 2 diabetes mellitus: A multifactorial disorder of glucose homeostasis caused by a lack of sensitivity to insulin. Affected individuals usually have an obese body habitus and manifestations of a metabolic syndrome characterized by diabetes, insulin resistance, hypertension and hypertriglyceridemia. The disease results in long-term complications that affect the eyes, kidneys, nerves, and blood vessels.",blood vessel development; canonical Wnt signaling pathway; fat cell differentiation; glucose homeostasis; maintenance of DNA repeat elements; myoblast fate commitment; negative regulation of androgen receptor signaling pathway; negative regulation of canonical Wnt signaling pathway; negative regulation of DNA-templated transcription; negative regulation of extrinsic apoptotic signaling pathway; negative regulation of gluconeogenesis; negative regulation of transcription by RNA polymerase II; negative regulation of type B pancreatic cell apoptotic process; pancreas development; positive regulation of epithelial cell proliferation; positive regulation of epithelial to mesenchymal transition; positive regulation of heparan sulfate proteoglycan biosynthetic process; positive regulation of insulin secretion; positive regulation of phosphatidylinositol 3-kinase/protein kinase B signal transduction; positive regulation of protein localization to nucleus; positive regulation of transcription by RNA polymerase II; regulation of gluconeogenesis; regulation of hormone metabolic process; regulation of smooth muscle cell proliferation; regulation of transcription by RNA polymerase II; response to glucose,ENSG00000148737
KSR2,Q6VAB6,Kinase suppressor of Ras 2,True,"Location-regulated scaffold connecting MEK to RAF. Has very low protein kinase activity and can phosphorylate MAP2K1 at several Ser and Thr residues with very low efficiency (in vitro). Acts as MAP2K1/MEK1-dependent allosteric activator of BRAF; upon binding to MAP2K1/MEK1, dimerizes with BRAF and promotes BRAF-mediated phosphorylation of MAP2K1/MEK1 (PubMed:29433126). Interaction with BRAF enhances KSR2-mediated phosphorylation of MAP2K1 (in vitro). Blocks MAP3K8 kinase activity and MAP3K8-mediated signaling. Acts as a negative regulator of MAP3K3-mediated activation of ERK, JNK and NF-kappa-B pathways, inhibiting MAP3K3-mediated interleukin-8 production",Cytoplasm; Membrane Peripheral membrane protein,Mainly expressed in brain and kidney,,calcium-mediated signaling; positive regulation of cold-induced thermogenesis; Ras protein signal transduction,ENSG00000171435
MC3R,P41968,Melanocortin receptor 3,True,"G protein-coupled receptor for melanocyte-stimulating hormones (alpha, beta, and gamma-MSH) and corticotropin/ACTH, which are peptide products of the POMC precursor (PubMed:37524700, PubMed:8463333). Upon activation, couples to G(s) protein, stimulating adenylate cyclase and the cAMP-dependent signaling pathway, which contributes to the regulation of energy homeostasis (PubMed:18231126, PubMed:37524700, PubMed:8463333). Required for expression of anticipatory patterns of activity and wakefulness during periods of limited nutrient availability and for the normal regulation of circadian clock activity in the brain (By similarity). Binding of the Agouti-related protein/AGPR antagonist precludes alpha-MSH-induced signaling, blocking cAMP production (PubMed:9311920)",Cell membrane Multi-pass membrane protein,"Brain, placental, and gut tissues",,"adenylate cyclase-activating G protein-coupled receptor signaling pathway; circadian regulation of gene expression; G protein-coupled receptor signaling pathway, coupled to cyclic nucleotide second messenger; homoiothermy; locomotor rhythm; phospholipase C-activating G protein-coupled receptor signaling pathway; regulation of blood pressure; regulation of feeding behavior; regulation of heart rate; sodium ion homeostasis",ENSG00000124089
MRAP2,Q96G30,Melanocortin-2 receptor accessory protein 2,True,"Modulator of melanocortin receptor 4 (MC4R), a receptor involved in energy homeostasis. Plays a central role in the control of energy homeostasis and body weight regulation by increasing ligand-sensitivity of MC4R and MC4R-mediated generation of cAMP (By similarity). May also act as a negative regulator of MC2R: competes with MRAP for binding to MC2R and impairs the binding of corticotropin (ACTH) to MC2R. May also regulate activity of other melanocortin receptors (MC1R, MC3R and MC5R); however, additional evidence is required in vivo",Cell membrane Single-pass membrane protein; Endoplasmic reticulum membrane Single-pass membrane protein,Expressed in the adrenal gland and brain. Not expressed in other tissues,"Obesity: A condition characterized by an increase of body weight beyond the limitation of skeletal and physical requirements, as the result of excessive accumulation of body fat.",energy homeostasis; energy reserve metabolic process; feeding behavior; negative regulation of adenylate cyclase-activating G protein-coupled receptor signaling pathway; negative regulation of protein localization to plasma membrane; positive regulation of adenylate cyclase-activating G protein-coupled receptor signaling pathway; protein localization to plasma membrane; regulation of adenylate cyclase-activating G protein-coupled receptor signaling pathway,ENSG00000135324
TMEM18,Q96B42,Transmembrane protein 18,True,"Transcription repressor. Sequence-specific ssDNA and dsDNA binding protein, with preference for GCT end CTG repeats. Cell migration modulator which enhances the glioma-specific migration ability of neural stem cells (NSC) and neural precursor cells (NPC)",Cytoplasm; Nucleus membrane Multi-pass membrane protein,,,cell migration,ENSG00000151353
SLC39A8,Q9C0K1,Metal cation symporter ZIP8,True,"Electroneutral divalent metal cation:bicarbonate symporter of the plasma membrane mediating the cellular uptake of zinc and manganese, two divalent metal cations important for development, tissue homeostasis and immunity (PubMed:12504855, PubMed:22898811, PubMed:23403290, PubMed:26637978, PubMed:29337306, PubMed:29453449). Transports an electroneutral complex composed of a divalent metal cation and two bicarbonate anions or alternatively a bicarbonate and a selenite anion (PubMed:27166256, PubMed:31699897). Thereby, it also contributes to the cellular uptake of selenium, an essential trace metal and micronutrient (PubMed:27166256). Also imports cadmium a non-essential metal which is cytotoxic and carcinogenic (PubMed:27466201). May also transport iron and cobalt through membranes (PubMed:22898811). Through zinc import, indirectly regulates the metal-dependent transcription factor MTF1 and the expression of some metalloproteases involved in cartilage catabolism and also probably heart development (PubMed:29337306). Also indirectly regulates the expression of proteins involved in cell morphology and cytoskeleton organization (PubMed:29927450). Indirectly controls innate immune function and inflammatory response by regulating zinc cellular uptake which in turn modulates the expression of genes specific of these processes (PubMed:23403290, PubMed:28056086). Protects, for instance, cells from injury and death at the onset of inflammation (PubMed:18390834). By regulating zinc influx into monocytes also directly modulates their adhesion to endothelial cells and arteries (By similarity). Reclaims manganese from the bile at the apical membrane of hepatocytes, thereby regulating the activity of the manganese-dependent enzymes through the systemic levels of the nutrient (PubMed:28481222). Also participates in manganese reabsorption in the proximal tubule of the kidney (PubMed:26637978). By mediating the extracellular uptake of manganese by cells of the blood-brain barrier, may also play a role in the transport of the micronutrient to the brain (PubMed:26637978, PubMed:31699897). With manganese cellular uptake also participates in mitochondrial proper function (PubMed:29453449). Finally, also probably functions intracellularly, translocating zinc from lysosome to cytosol to indirectly enhance the expression of specific genes during TCR-mediated T cell activation (PubMed:19401385)",Cell membrane Multi-pass membrane protein; Lysosome membrane Multi-pass membrane protein; Apical cell membrane Multi-pass membrane protein; Basolateral cell membrane Multi-pass membrane protein,"Ubiquitously expressed (PubMed:12504855, PubMed:22898811, PubMed:28056086, PubMed:31699897). Expressed in thymus, placenta, lung, liver, pancreas, salivary gland and, to a lower extent, in spleen, testis, ovary, small intestine, colon, leukocyte, heart. Highest expression is observed in pancreas (PubMed:12504855). Expressed by macrophages (at protein level) (PubMed:28056086). Expressed by microvascular capillary endothelial cells that constitute the blood-brain barrier (at protein level) (PubMed:31699897)","Congenital disorder of glycosylation 2N: A form of congenital disorder of glycosylation, a genetically heterogeneous group of autosomal recessive, multisystem disorders caused by a defect in glycoprotein biosynthesis and characterized by under-glycosylated serum glycoproteins. Congenital disorders of glycosylation result in a wide variety of clinical features, such as defects in the nervous system development, psychomotor retardation, dysmorphic features, hypotonia, coagulation disorders, and immunodeficiency. The broad spectrum of features reflects the critical role of N-glycoproteins during embryonic development, differentiation, and maintenance of cell functions.",arginine metabolic process; bicarbonate transport; cadmium ion transmembrane transport; cartilage homeostasis; cellular detoxification of cadmium ion; cobalt ion transport; extracellular matrix organization; intracellular manganese ion homeostasis; intracellular monoatomic cation homeostasis; intracellular zinc ion homeostasis; iron ion import across plasma membrane; leukocyte adhesion to arterial endothelial cell; manganese ion transmembrane transport; mercury ion transport; mitochondrial manganese ion transmembrane transport; negative regulation of canonical NF-kappaB signal transduction; negative regulation of inflammatory response; plasma membrane selenite transport; protein N-linked glycosylation; regulation of DNA-templated transcription; regulation of membrane potential; zinc ion import across plasma membrane; zinc ion transmembrane transport; zinc ion transport,ENSG00000138821
PDE3B,Q13370,"cGMP-inhibited 3',5'-cyclic phosphodiesterase 3B",True,"Cyclic nucleotide phosphodiesterase with a dual-specificity for the second messengers cAMP and cGMP, which are key regulators of many important physiological process (PubMed:14592490, PubMed:21393242). Regulates angiogenesis by inhibiting the cAMP-dependent guanine nucleotide exchange factor RAPGEF3 and downstream phosphatidylinositol 3-kinase gamma-mediated signaling (PubMed:21393242). Controls cardiac contractility by reducing cAMP concentration in cardiocytes (By similarity)",Membrane Multi-pass membrane protein,Abundant in adipose tissues,,G protein-coupled receptor signaling pathway; insulin receptor signaling pathway; negative regulation of adenylate cyclase-activating G protein-coupled receptor signaling pathway; negative regulation of angiogenesis; negative regulation of cAMP/PKA signal transduction; negative regulation of cell adhesion; negative regulation of cell adhesion mediated by integrin; negative regulation of lipid catabolic process; regulation of angiogenesis; regulation of phosphatidylinositol 3-kinase/protein kinase B signal transduction,ENSG00000152270
HMGA2,P52926,High mobility group protein HMGI-C,True,"Functions as a transcriptional regulator. Functions in cell cycle regulation through CCNA2. Plays an important role in chromosome condensation during the meiotic G2/M transition of spermatocytes. Plays a role in postnatal myogenesis, is involved in satellite cell activation (By similarity). Positively regulates IGF2 expression through PLAG1 and in a PLAG1-independent manner (PubMed:28796236)",Nucleus,,"Silver-Russell syndrome 5: A form of Silver-Russell syndrome, a clinically heterogeneous condition characterized by severe intrauterine growth retardation, poor postnatal growth, craniofacial features such as a triangular shaped face and a broad forehead, body asymmetry, and a variety of minor malformations. The phenotypic expression changes during childhood and adolescence, with the facial features and asymmetry usually becoming more subtle with age. SRS5 inheritance is autosomal dominant.",base-excision repair; chondrocyte differentiation; chondrocyte proliferation; chromatin organization; endodermal cell differentiation; epithelial to mesenchymal transition; fat cell differentiation; heterochromatin formation; host-mediated suppression of viral transcription; intracellular signal transduction; mesenchymal cell differentiation; mesodermal cell differentiation; mesodermal-endodermal cell signaling; negative regulation of apoptotic process; negative regulation of cellular senescence; negative regulation of DNA binding; negative regulation of DNA-templated transcription; negative regulation of double-strand break repair via nonhomologous end joining; negative regulation of intracellular steroid hormone receptor signaling pathway; negative regulation of receptor signaling pathway via JAK-STAT; negative regulation of single stranded viral RNA replication via double stranded DNA intermediate; negative regulation of transcription by RNA polymerase II; oncogene-induced cell senescence; positive regulation of angiogenesis; positive regulation of cell proliferation in bone marrow; positive regulation of DNA-templated transcription; positive regulation of gene expression; positive regulation of protein serine/threonine kinase activity; positive regulation of stem cell proliferation; positive regulation of transcription by RNA polymerase II; regulation of cell cycle process; regulation of DNA-templated transcription; regulation of stem cell population maintenance; response to virus; stem cell differentiation,ENSG00000149948
CALCR,P30988,Calcitonin receptor,True,"G protein-coupled receptor activated by ligand peptides amylin (IAPP), calcitonin (CT/CALCA) and calcitonin gene-related peptide type 1 (CGRP1/CALCA) (PubMed:35324283, PubMed:38603770). CALCR interacts with receptor-activity-modifying proteins RAMP1, 2 and 3 to form receptor complexes AMYR1, 2 and 3, respectively (PubMed:35324283, PubMed:38603770). IAPP, CT and CGRP1 activate CALCR and AMYRs with distinct modes of receptor activation resulting in specific phenotypes (PubMed:35324283, PubMed:38603770). Ligand binding causes a conformation change that triggers signaling via guanine nucleotide-binding proteins (G proteins) and modulates the activity of downstream effectors. Activates cAMP-dependent pathway (PubMed:35324283, PubMed:7476993); Non-functional protein. Unable to couple to G proteins and activate adenylyl cyclase (PubMed:7476993). Does not undergo receptor internalization following ligand binding (PubMed:7476993)",Cell membrane Multi-pass membrane protein,,,adenylate cyclase-activating G protein-coupled receptor signaling pathway; amylin receptor 1 signaling pathway; amylin receptor 2 signaling pathway; amylin receptor 3 signaling pathway; amylin receptor signaling pathway; calcitonin family receptor signaling pathway; calcitonin gene-related peptide receptor signaling pathway; cell surface receptor signaling pathway; positive regulation of calcium-mediated signaling; positive regulation of cAMP/PKA signal transduction; positive regulation of cytosolic calcium ion concentration; positive regulation of ERK1 and ERK2 cascade; positive regulation of gene expression; positive regulation of phosphatidylinositol 3-kinase/protein kinase B signal transduction; response to amyloid-beta; response to glucocorticoid,ENSG00000004948
TFAP2B,Q92481,Transcription factor AP-2-beta,True,"Sequence-specific DNA-binding protein that interacts with inducible viral and cellular enhancer elements to regulate transcription of selected genes. AP-2 factors bind to the consensus sequence 5'-GCCNNNGGC-3' and activate genes involved in a large spectrum of important biological functions including proper eye, face, body wall, limb and neural tube development. They also suppress a number of genes including MCAM/MUC18, C/EBP alpha and MYC. AP-2-beta appears to be required for normal face and limb development and for proper terminal differentiation and function of renal tubular epithelia",Nucleus,,"Char syndrome: An autosomal dominant disorder characterized by patent ductus arteriosus (PDA), facial dysmorphism and hand anomalies.; Patent ductus arteriosus 2: A congenital heart defect characterized by the persistent opening of fetal ductus arteriosus that fails to close after birth. Fetal ductus arteriosus connects the pulmonary artery to the descending aorta, allowing unoxygenated blood to bypass the lung and flow to the placenta. Normally, the ductus occludes shortly after birth.",aorta morphogenesis; collecting duct development; distal tubule development; ductus arteriosus closure; fat cell differentiation; forelimb morphogenesis; gene expression; glucose metabolic process; hindlimb morphogenesis; kidney development; metanephric nephron development; negative regulation of apoptotic process; negative regulation of cell population proliferation; negative regulation of DNA-templated transcription; negative regulation of transcription by RNA polymerase II; nervous system development; positive regulation of cell population proliferation; positive regulation of DNA-templated transcription; positive regulation of neuron apoptotic process; positive regulation of transcription by RNA polymerase II; regulation of BMP signaling pathway; regulation of cell differentiation; regulation of cell population proliferation; regulation of insulin secretion; retina layer formation; skin development; smooth muscle tissue development; sympathetic nervous system development,ENSG00000008196
SEC16B,Q96JE7,Protein transport protein Sec16B,True,"Plays a role in the organization of the endoplasmic reticulum exit sites (ERES), also known as transitional endoplasmic reticulum (tER). Required for secretory cargo traffic from the endoplasmic reticulum to the Golgi apparatus (PubMed:17192411, PubMed:21768384, PubMed:22355596). Involved in peroxisome biogenesis. Regulates the transport of peroxisomal biogenesis factors PEX3 and PEX16 from the ER to peroxisomes (PubMed:21768384)",Endoplasmic reticulum membrane Peripheral membrane protein; Golgi apparatus membrane Peripheral membrane protein,Ubiquitous,,endoplasmic reticulum organization; endoplasmic reticulum to Golgi vesicle-mediated transport; ER-dependent peroxisome organization; peroxisome fission; positive regulation of gene expression; protein localization to endoplasmic reticulum exit site,ENSG00000120341
FAIM2,Q9BWQ8,Protein lifeguard 2,True,"Antiapoptotic protein which protects cells uniquely from Fas-induced apoptosis. Regulates Fas-mediated apoptosis in neurons by interfering with caspase-8 activation. May play a role in cerebellar development by affecting cerebellar size, internal granular layer (IGL) thickness, and Purkinje cell (PC) development",Cell membrane Multi-pass membrane protein; Membrane raft; Postsynaptic cell membrane,Highly expressed in breast carcinoma tissues. Enhanced expression correlates with the grade of the tumor (grade II/grade III) in primary breast tumors (at protein level). Widely expressed. Expressed at high levels in the brain especially in the hippocampus,,cerebellar granular layer development; cerebellar Purkinje cell differentiation; cerebellar Purkinje cell layer development; cerebellum development; negative regulation of apoptotic process; negative regulation of extrinsic apoptotic signaling pathway via death domain receptors; negative regulation of neuron apoptotic process; regulation of neuron apoptotic process,ENSG00000135472
ZFHX3,Q15911,Zinc finger homeobox protein 3,True,"Transcriptional regulator which can act as an activator or a repressor. Inhibits the enhancer element of the AFP gene by binding to its AT-rich core sequence. In concert with SMAD-dependent TGF-beta signaling can repress the transcription of AFP via its interaction with SMAD2/3 (PubMed:25105025). Regulates the circadian locomotor rhythms via transcriptional activation of neuropeptidergic genes which are essential for intercellular synchrony and rhythm amplitude in the suprachiasmatic nucleus (SCN) of the brain (By similarity). Regulator of myoblasts differentiation through the binding to the AT-rich sequence of MYF6 promoter and promoter repression (PubMed:11312261). Down-regulates the MUC5AC promoter in gastric cancer (PubMed:17330845). In association with RUNX3, up-regulates CDKN1A promoter activity following TGF-beta stimulation (PubMed:20599712). Inhibits estrogen receptor (ESR1) function by selectively competing with coactivator NCOA3 for binding to ESR1 in ESR1-positive breast cancer cells (PubMed:20720010)",Nucleus; Cytoplasm,Not found in normal gastric mucosa but found in gastric carcinoma cells (at protein level). Expression is higher in ER-positive breast tumors than ER-negative breast tumors (at protein level),"Atrial fibrillation, familial, 8: A familial form of atrial fibrillation, a common sustained cardiac rhythm disturbance. Atrial fibrillation is characterized by disorganized atrial electrical activity and ineffective atrial contraction promoting blood stasis in the atria and reduces ventricular filling. It can result in palpitations, syncope, thromboembolic stroke, and congestive heart failure.; Spinocerebellar ataxia 4: A form of spinocerebellar ataxia, a clinically and genetically heterogeneous group of cerebellar disorders. Patients show progressive incoordination of gait and often poor coordination of hands, speech and eye movements, due to degeneration of the cerebellum with variable involvement of the brainstem and spinal cord. SCA4 is characterized by the onset of balance disturbances and gait and limb ataxia usually in the fourth decade, although earlier onset in the teens or twenties has been reported. There is evidence of genetic anticipation within families. Inheritance is autosomal dominant.; Epilepsy, idiopathic generalized 20: An autosomal recessive form of idiopathic generalized epilepsy, a disorder characterized by recurring generalized seizures in the absence of detectable brain lesions and/or metabolic abnormalities. Generalized seizures arise diffusely and simultaneously from both hemispheres of the brain. Seizure types include juvenile myoclonic seizures, absence seizures, and generalized tonic-clonic seizures. EIG20 is characterized by onset of partial epilepsy between infancy and teenage years and seizures progression to complex partial epilepsy and secondary generalized tonic-clonic seizures. Some patients show global developmental delay.",circadian regulation of gene expression; negative regulation of myoblast differentiation; negative regulation of transcription by RNA polymerase II; positive regulation of cell adhesion; positive regulation of DNA-templated transcription; positive regulation of myoblast differentiation; positive regulation of transcription by RNA polymerase II; regulation of DNA-templated transcription; regulation of locomotor rhythm; regulation of transcription by RNA polymerase II; response to transforming growth factor beta,ENSG00000140836
NRXN3,Q9Y4C0,Neurexin-3,True,Neuronal cell surface protein that may be involved in cell recognition and cell adhesion. May mediate intracellular signaling (By similarity),Presynaptic cell membrane Single-pass type I membrane protein,"Expressed in the blood vessel walls (at protein level). Highly expressed in brain, lung, and pancreas; a lower level of expression is detectable in heart, placenta, liver, and kidney, whereas no expression can be observed in skeletal muscle. Isoform 4a is heart-specific",,adult behavior; axon guidance; gephyrin clustering involved in postsynaptic density assembly; learning; nervous system development; neuron cell-cell adhesion; signal transduction; social behavior; vocalization behavior,ENSG00000021645
ETV5,P41161,ETS translocation variant 5,True,Binds to DNA sequences containing the consensus nucleotide core sequence 5'-GGAA.-3',Nucleus,Ubiquitous,,cell differentiation; cellular response to oxidative stress; negative regulation of transcription by RNA polymerase II; positive regulation of transcription by RNA polymerase II; regulation of transcription by RNA polymerase II,ENSG00000244405
NEGR1,Q7Z3B1,Neuronal growth regulator 1,True,May be involved in cell-adhesion. May function as a trans-neural growth-promoting factor in regenerative axon sprouting in the mammalian brain (By similarity),"Cell membrane Lipid-anchor, GPI-anchor",,,cholesterol homeostasis; heterophilic cell-cell adhesion; negative regulation of glial cell proliferation; negative regulation of synapse assembly; protein localization to plasma membrane raft; protein secretion; regulation of protein stability; regulation of synapse assembly,ENSG00000172260
NPC1,O15118,NPC intracellular cholesterol transporter 1,True,"Intracellular cholesterol transporter which acts in concert with NPC2 and plays an important role in the egress of cholesterol from the endosomal/lysosomal compartment (PubMed:10821832, PubMed:12554680, PubMed:18772377, PubMed:27238017, PubMed:9211849, PubMed:9927649). Unesterified cholesterol that has been released from LDLs in the lumen of the late endosomes/lysosomes is transferred by NPC2 to the cholesterol-binding pocket in the N-terminal domain of NPC1 (PubMed:18772377, PubMed:19563754, PubMed:27238017, PubMed:27378690, PubMed:28784760, PubMed:9211849, PubMed:9927649). Cholesterol binds to NPC1 with the hydroxyl group buried in the binding pocket (PubMed:19563754). Mediates cholesterol transfer from lysosomes to endoplasmic reticulum by tethering endosomal/lysosomal compartments and endoplasmic reticulum membrane contact sites where it interacts with sterol transport protein GRAMD1B (PubMed:31537798). Binds oxysterol with higher affinity than cholesterol. May play a role in vesicular trafficking in glia, a process that may be crucial for maintaining the structural and functional integrity of nerve terminals (Probable). Inhibits cholesterol-mediated mTORC1 activation throught its interaction with SLC38A9 (PubMed:28336668); (Microbial infection) Acts as an endosomal entry receptor for ebolavirus",Late endosome membrane Multi-pass membrane protein; Lysosome membrane Multi-pass membrane protein,,"Niemann-Pick disease C1: A lysosomal storage disorder that affects the viscera and the central nervous system. It is due to defective intracellular processing and transport of low-density lipoprotein derived cholesterol. It causes accumulation of cholesterol in lysosomes, with delayed induction of cholesterol homeostatic reactions. Niemann-Pick disease type C1 has a highly variable clinical phenotype. Clinical features include variable hepatosplenomegaly and severe progressive neurological dysfunction such as ataxia, dystonia and dementia. The age of onset can vary from infancy to late adulthood. An allelic variant of Niemann-Pick disease type C1 is found in people with Nova Scotia ancestry. Patients with the Nova Scotian clinical variant are less severely affected.",autophagy; bile acid metabolic process; cholesterol efflux; cholesterol homeostasis; cholesterol transport; establishment of protein localization to membrane; gene expression; glycoprotein biosynthetic process; intestinal cholesterol absorption; intracellular cholesterol transport; intracellular lipid transport; lysosomal transport; lysosome to ER cholesterol transport; membrane raft organization; negative regulation of epithelial cell apoptotic process; negative regulation of TORC1 signaling; response to cadmium ion; sterol transport; symbiont entry into host cell,ENSG00000141458
ADCY5,O95622,Adenylate cyclase type 5,True,"Catalyzes the formation of the signaling molecule cAMP in response to G protein signaling (PubMed:15385642, PubMed:24700542, PubMed:26206488). Mediates signaling downstream of ADRB1 (PubMed:24700542). Regulates the increase of free cytosolic Ca(2+) in response to increased blood glucose levels and contributes to the regulation of Ca(2+)-dependent insulin secretion (PubMed:24740569)","Cell membrane Multi-pass membrane protein; Cell projection, cilium","Detected in pancreas islets (at protein level). Expressed in the brain, with high expression in the corpus striatum (PubMed:26085604)","Dyskinesia with orofacial involvement, autosomal recessive: An autosomal recessive disorder characterized by abnormal involuntary movements mainly affecting the limbs and causing walking difficulties, oro-facial dyskinesia, and speech delay. Some patients develop neuropsychiatric features. Cardiomyopathy has rarely been described and may be a manifestation of the disorder.; Dyskinesia with orofacial involvement, autosomal dominant: A disorder characterized by predominantly perioral and periorbital myokymia, and face, neck and upper limb dystonic/choreic movements. Initially paroxysmal and worsened by stress, the dyskinetic episodes become nearly constant by the end of the third decade of life, but in some individuals, they may diminish in frequency and severity at older ages.; Neurodevelopmental disorder with hyperkinetic movements and dyskinesia: An autosomal recessive disorder characterized by severe global developmental delay, axial hypotonia, impaired intellectual development, poor overall growth, and abnormal involuntary hyperkinetic movements.",adenylate cyclase-activating G protein-coupled receptor signaling pathway; cAMP biosynthetic process; cellular response to forskolin; cellular response to glucagon stimulus; intracellular signal transduction; positive regulation of cytosolic calcium ion concentration; regulation of insulin secretion involved in cellular response to glucose stimulus; renal water homeostasis; vascular endothelial cell response to laminar fluid shear stress,ENSG00000173175
SPARC,P09486,SPARC,True,"Appears to regulate cell growth through interactions with the extracellular matrix and cytokines. Binds calcium and copper, several types of collagen, albumin, thrombospondin, PDGF and cell membranes. There are two calcium binding sites; an acidic domain that binds 5 to 8 Ca(2+) with a low affinity and an EF-hand loop that binds a Ca(2+) ion with a high affinity","Secreted, extracellular space, extracellular matrix, basement membrane",,"Osteogenesis imperfecta 17: An autosomal recessive form of osteogenesis imperfecta, a disorder of bone formation characterized by low bone mass, bone fragility and susceptibility to fractures after minimal trauma. Disease severity ranges from very mild forms without fractures to intrauterine fractures and perinatal lethality. Extraskeletal manifestations, which affect a variable number of patients, are dentinogenesis imperfecta, hearing loss, and blue sclerae.",negative regulation of angiogenesis; negative regulation of endothelial cell proliferation; positive regulation of endothelial cell migration; regulation of cell morphogenesis; regulation of synapse organization; semicircular canal morphogenesis,ENSG00000113140
RPTOR,Q8N122,Regulatory-associated protein of mTOR,True,"Component of the mechanistic target of rapamycin complex 1 (mTORC1), an evolutionarily conserved central nutrient sensor that stimulates anabolic reactions and macromolecule biosynthesis to promote cellular biomass generation and growth (PubMed:12150925, PubMed:12150926, PubMed:12747827, PubMed:24403073, PubMed:26588989, PubMed:32561715, PubMed:37541260). In response to nutrients, growth factors or amino acids, mTORC1 is recruited to the lysosome membrane and promotes protein, lipid and nucleotide synthesis by phosphorylating several substrates, such as ribosomal protein S6 kinase (RPS6KB1 and RPS6KB2) and EIF4EBP1 (4E-BP1) (PubMed:12150925, PubMed:12150926, PubMed:12747827, PubMed:24403073, PubMed:26588989, PubMed:37541260). In the same time, it inhibits catabolic pathways by phosphorylating the autophagy initiation components ULK1 and ATG13, as well as transcription factor TFEB, a master regulators of lysosomal biogenesis and autophagy (PubMed:12150925, PubMed:12150926, PubMed:12747827, PubMed:24403073, PubMed:32561715, PubMed:37541260). The mTORC1 complex is inhibited in response to starvation and amino acid depletion (PubMed:12150925, PubMed:12150926, PubMed:12747827, PubMed:24403073, PubMed:37541260). Within the mTORC1 complex, RPTOR acts both as a molecular adapter, which (1) mediates recruitment of mTORC1 to lysosomal membranes via interaction with small GTPases Rag (RagA/RRAGA, RagB/RRAGB, RagC/RRAGC and/or RagD/RRAGD), and a (2) substrate-specific adapter, which promotes substrate specificity by binding to TOS motif-containing proteins and direct them towards the active site of the MTOR kinase domain for phosphorylation (PubMed:12747827, PubMed:24403073, PubMed:26588989, PubMed:37541260). mTORC1 complex regulates many cellular processes, such as odontoblast and osteoclast differentiation or neuronal transmission (By similarity). mTORC1 complex in excitatory neuronal transmission is required for the prosocial behavior induced by the psychoactive substance lysergic acid diethylamide (LSD) (By similarity)",Lysosome membrane; Cytoplasm; Cytoplasmic granule,"Highly expressed in skeletal muscle, and in a lesser extent in brain, lung, small intestine, kidney and placenta; Widely expressed, with highest levels in nasal mucosa and pituitary and lowest in spleen",,cellular response to amino acid stimulus; cellular response to glucose stimulus; cellular response to hypoxia; cellular response to L-leucine; cellular response to nutrient levels; cellular response to osmotic stress; cellular response to starvation; DNA damage response; negative regulation of autophagy; positive regulation of cell growth; positive regulation of endothelial cell proliferation; positive regulation of G1/S transition of mitotic cell cycle; positive regulation of glycolytic process; positive regulation of lipid biosynthetic process; positive regulation of odontoblast differentiation; positive regulation of osteoclast differentiation; positive regulation of pentose-phosphate shunt; positive regulation of TOR signaling; positive regulation of transcription by RNA polymerase III; regulation of cell growth; regulation of cell size; response to xenobiotic stimulus; social behavior; TOR signaling; TORC1 signaling,ENSG00000141564
KCTD15,Q96SI1,BTB/POZ domain-containing protein KCTD15,True,"During embryonic development, it is involved in neural crest formation (By similarity). Inhibits AP2 transcriptional activity by interaction with its activation domain (PubMed:23382213)",Nucleus,,,negative regulation of DNA-templated transcription; protein homooligomerization,ENSG00000153885
DPP9,Q86TI2,Dipeptidyl peptidase 9,True,"Dipeptidyl peptidase that cleaves off N-terminal dipeptides from proteins having a Pro or Ala residue at position 2 (PubMed:12662155, PubMed:16475979, PubMed:19667070, PubMed:29382749, PubMed:30291141, PubMed:33731929, PubMed:36112693). Acts as a key inhibitor of caspase-1-dependent monocyte and macrophage pyroptosis in resting cells by preventing activation of NLRP1 and CARD8 (PubMed:27820798, PubMed:29967349, PubMed:30291141, PubMed:31525884, PubMed:32796818, PubMed:36112693, PubMed:36357533). Sequesters the cleaved C-terminal part of NLRP1 and CARD8, which respectively constitute the active part of the NLRP1 and CARD8 inflammasomes, in a ternary complex, thereby preventing their oligomerization and activation (PubMed:33731929, PubMed:33731932, PubMed:34019797). The dipeptidyl peptidase activity is required to suppress NLRP1 and CARD8; however, neither NLRP1 nor CARD8 are bona fide substrates of DPP9, suggesting the existence of substrate(s) required for NLRP1 and CARD8 inhibition (PubMed:33731929)","Cytoplasm, cytosol; Nucleus","Ubiquitously expressed, with highest levels in liver, heart and muscle, and lowest levels in brain","Hatipoglu immunodeficiency syndrome: An autosomal recessive immunologic disorder manifesting in infancy or early childhood, and characterized by failure to thrive, short stature, skin pigmentation abnormalities, pancytopenia, and susceptibility to recurrent infections.",negative regulation of programmed cell death; proteolysis; pyroptotic inflammatory response,ENSG00000142002
GNPDA2,Q8TDQ7,Glucosamine-6-phosphate deaminase 2,True,"Catalyzes the reversible conversion of alpha-D-glucosamine 6-phosphate (GlcN-6P) into beta-D-fructose 6-phosphate (Fru-6P) and ammonium ion, a regulatory reaction step in de novo uridine diphosphate-N-acetyl-alpha-D-glucosamine (UDP-GlcNAc) biosynthesis via hexosamine pathway. Deamination is coupled to aldo-keto isomerization mediating the metabolic flux from UDP-GlcNAc toward Fru-6P. At high ammonium level can drive amination and isomerization of Fru-6P toward hexosamines and UDP-GlcNAc synthesis. Has a role in fine tuning the metabolic fluctuations of cytosolic UDP-GlcNAc and their effects on hyaluronan synthesis that occur during tissue remodeling",Cytoplasm,"Ubiquitous, with highest expression detected in testis, ovary, placenta, and heart",,carbohydrate metabolic process; D-glucosamine catabolic process; N-acetylglucosamine catabolic process; N-acetylneuraminate catabolic process; UDP-N-acetylglucosamine biosynthetic process,ENSG00000163281
ADCY9,O60503,Adenylate cyclase type 9,True,"Adenylyl cyclase that catalyzes the formation of the signaling molecule cAMP in response to activation of G protein-coupled receptors (PubMed:10987815, PubMed:12972952, PubMed:15879435, PubMed:9628827). Contributes to signaling cascades activated by CRH (corticotropin-releasing factor), corticosteroids and beta-adrenergic receptors (PubMed:9628827)",Cell membrane Multi-pass membrane protein,"Detected in skeletal muscle, pancreas, lung, heart, kidney, liver, brain and placenta (PubMed:10987815, PubMed:9628827). Expressed in multiple cells of the lung, with expression highest in airway smooth muscle (PubMed:12972952)",,adenylate cyclase-activating adrenergic receptor signaling pathway; adenylate cyclase-activating G protein-coupled receptor signaling pathway; cAMP biosynthetic process; cellular response to glucagon stimulus; intracellular signal transduction; renal water homeostasis; signal transduction; vascular endothelial cell response to laminar fluid shear stress,ENSG00000162104
MAP2K5,Q13163,Dual specificity mitogen-activated protein kinase kinase 5,True,"Acts as a scaffold for the formation of a ternary MAP3K2/MAP3K3-MAP3K5-MAPK7 signaling complex. Activation of this pathway appears to play a critical role in protecting cells from stress-induced apoptosis, neuronal survival and cardiac development and angiogenesis. As part of the MAPK/ERK signaling pathway, acts as a negative regulator of apoptosis in cardiomyocytes via promotion of STUB1/CHIP-mediated ubiquitination and degradation of ICER-type isoforms of CREM (By similarity)",,Expressed in many adult tissues. Abundant in heart and skeletal muscle,,cellular response to growth factor stimulus; cellular response to laminar fluid shear stress; ERK5 cascade; insulin-like growth factor receptor signaling pathway; MAPK cascade; negative regulation of canonical NF-kappaB signal transduction; negative regulation of cell migration involved in sprouting angiogenesis; negative regulation of chemokine (C-X-C motif) ligand 2 production; negative regulation of extrinsic apoptotic signaling pathway in absence of ligand; negative regulation of heterotypic cell-cell adhesion; negative regulation of interleukin-8 production; negative regulation of response to cytokine stimulus; negative regulation of smooth muscle cell apoptotic process; negative regulation of transcription by RNA polymerase II; positive regulation of cell growth; positive regulation of epithelial cell proliferation; positive regulation of protein metabolic process; positive regulation of transcription by RNA polymerase II; signal transduction,ENSG00000137764
FGF19,O95750,Fibroblast growth factor 19,True,"Involved in the suppression of bile acid biosynthesis through down-regulation of CYP7A1 expression, following positive regulation of the JNK and ERK1/2 cascades. Stimulates glucose uptake in adipocytes. Activity requires the presence of KLB and FGFR4",Secreted,"Expressed in fetal brain, cartilage, retina, and adult gall bladder",,fibroblast growth factor receptor signaling pathway; negative regulation of bile acid biosynthetic process; negative regulation of gene expression; nervous system development; neurogenesis; positive regulation of cell population proliferation; positive regulation of D-glucose import across plasma membrane; positive regulation of ERK1 and ERK2 cascade; positive regulation of JNK cascade; positive regulation of MAPK cascade; positive regulation of protein phosphorylation; regulation of cell migration; response to ethanol,ENSG00000162344
CCND2,P30279,G1/S-specific cyclin-D2,True,"Regulatory component of the cyclin D2-CDK4 (DC) complex that phosphorylates and inhibits members of the retinoblastoma (RB) protein family including RB1 and regulates the cell-cycle during G(1)/S transition (PubMed:18827403, PubMed:8114739). Phosphorylation of RB1 allows dissociation of the transcription factor E2F from the RB/E2F complex and the subsequent transcription of E2F target genes which are responsible for the progression through the G(1) phase (PubMed:18827403, PubMed:8114739). Hypophosphorylates RB1 in early G(1) phase (PubMed:18827403, PubMed:8114739). Cyclin D-CDK4 complexes are major integrators of various mitogenenic and antimitogenic signals (PubMed:18827403, PubMed:8114739)",Nucleus; Cytoplasm; Nucleus membrane,,"Megalencephaly-polymicrogyria-polydactyly-hydrocephalus syndrome 3: A syndrome characterized by megalencephaly, ventriculomegaly that may lead to hydrocephalus, and polymicrogyria; polydactyly may also be seen. There is considerable phenotypic similarity between this disorder and the megalencephaly-capillary malformation syndrome.",G1/S transition of mitotic cell cycle; negative regulation of apoptotic process; positive regulation of cell population proliferation; positive regulation of G1/S transition of mitotic cell cycle,ENSG00000118971
LINGO2,Q7L985,Leucine-rich repeat and immunoglobulin-like domain-containing nogo receptor-interacting protein 2,True,,Membrane Single-pass type I membrane protein,,,regulation of nervous system development,ENSG00000174482
ANO4,Q32M45,Anoctamin-4,True,"Has calcium-dependent phospholipid scramblase activity; scrambles phosphatidylserine, phosphatidylcholine and galactosylceramide (By similarity). Does not exhibit calcium-activated chloride channel (CaCC) activity (By similarity)",Cell membrane Multi-pass membrane protein,,,chloride transmembrane transport; monoatomic ion transmembrane transport; phospholipid translocation,ENSG00000151572; ENSG00000262139
UBR2,Q8IWV8,E3 ubiquitin-protein ligase UBR2,True,"E3 ubiquitin-protein ligase which is a component of the N-end rule pathway (PubMed:15548684, PubMed:20835242, PubMed:28392261). Recognizes and binds to proteins bearing specific N-terminal residues (N-degrons) that are destabilizing according to the N-end rule, leading to their ubiquitination and subsequent degradation (PubMed:20835242, PubMed:28392261). Recognizes both type-1 and type-2 N-degrons, containing positively charged amino acids (Arg, Lys and His) and bulky and hydrophobic amino acids, respectively (PubMed:20835242, PubMed:28392261). Does not ubiquitinate proteins that are acetylated at the N-terminus (PubMed:20835242). In contrast, it strongly binds methylated N-degrons (PubMed:28392261). Plays a critical role in chromatin inactivation and chromosome-wide transcriptional silencing during meiosis via ubiquitination of histone H2A (By similarity). Binds leucine and is a negative regulator of the leucine-mTOR signaling pathway, thereby controlling cell growth (PubMed:20298436). Required for spermatogenesis, promotes, with Tex19.1, SPO11-dependent recombination foci to accumulate and drive robust homologous chromosome synapsis (By similarity). Polyubiquitinates LINE-1 retrotransposon encoded, LIRE1, which induces degradation, inhibiting LINE-1 retrotransposon mobilization (By similarity). Catalyzes ubiquitination and degradation of the N-terminal part of NLRP1 following NLRP1 activation by pathogens and other damage-associated signals: ubiquitination promotes degradation of the N-terminal part and subsequent release of the cleaved C-terminal part of NLRP1, which polymerizes and forms the NLRP1 inflammasome followed by host cell pyroptosis (By similarity). Plays a role in T-cell receptor signaling by inducing 'Lys-63'-linked ubiquitination of lymphocyte cell-specific kinase LCK (PubMed:38225265). This activity is regulated by DUSP22, which induces 'Lys-48'-linked ubiquitination of UBR2, leading to its proteasomal degradation by SCF E3 ubiquitin-protein ligase complex (PubMed:38225265)",Nucleus; Chromosome,"Broadly expressed, with highest levels in skeletal muscle, kidney and pancreas. Present in acinar cells of the pancreas (at protein level)",,cellular response to L-leucine; heterochromatin formation; male meiotic nuclear division; negative regulation of TOR signaling; positive regulation of T cell receptor signaling pathway; proteasome-mediated ubiquitin-dependent protein catabolic process; protein K63-linked ubiquitination; protein ubiquitination; reciprocal meiotic recombination; spermatogenesis; transposable element silencing; ubiquitin-dependent protein catabolic process via the N-end rule pathway,ENSG00000024048
ROBO1,Q9Y6N7,Roundabout homolog 1,True,"Receptor for SLIT1 and SLIT2 that mediates cellular responses to molecular guidance cues in cellular migration, including axonal navigation at the ventral midline of the neural tube and projection of axons to different regions during neuronal development (PubMed:10102268, PubMed:24560577). Interaction with the intracellular domain of FLRT3 mediates axon attraction towards cells expressing NTN1 (PubMed:24560577). In axon growth cones, the silencing of the attractive effect of NTN1 by SLIT2 may require the formation of a ROBO1-DCC complex (By similarity). Plays a role in the regulation of cell migration via its interaction with MYO9B; inhibits MYO9B-mediated stimulation of RHOA GTPase activity, and thereby leads to increased levels of active, GTP-bound RHOA (PubMed:26529257). May be required for lung development (By similarity)","Cell membrane Single-pass type I membrane protein; Cell projection, axon; Endoplasmic reticulum-Golgi intermediate compartment membrane Single-pass membrane protein","Widely expressed, with exception of kidney","Neurooculorenal syndrome: An autosomal recessive syndrome characterized by variable clinical features including congenital renal anomalies, neurodevelopmental defects, intellectual impairment, cardiac defects, and ocular anomalies. Some affected individuals present in utero with renal agenesis and structural brain abnormalities incompatible with life.; Nystagmus 8, congenital, autosomal recessive: A form of nystagmus, a condition defined as conjugated, spontaneous and involuntary ocular oscillations that appear at birth or during the first three months of life. Other associated features may include mildly decreased visual acuity, strabismus, astigmatism, and occasionally head nodding. NYS8 patients manifest bilateral horizontal nystagmus in the absence of other neurologic signs or symptoms. Brain imaging is normal.; Pituitary hormone deficiency, combined or isolated, 8: An autosomal dominant disorder characterized by short stature due to growth hormone deficiency, variable deficiencies of other pituitary hormones, and pituitary abnormalities. Many CPHD8 patients present with pituitary stalk interruption syndrome that is characterized by pituitary gland insufficiency, thin or discontinuous pituitary stalk, anterior pituitary hypoplasia, and ectopic positioning of the posterior pituitary gland.",aorta development; aortic valve morphogenesis; axon midline choice point recognition; cell adhesion; cell migration involved in sprouting angiogenesis; chemorepulsion involved in postnatal olfactory bulb interneuron migration; endocardial cushion formation; heart induction; homophilic cell-cell adhesion; negative regulation of cell migration; negative regulation of chemokine-mediated signaling pathway; negative regulation of gene expression; negative regulation of mammary gland epithelial cell proliferation; negative regulation of negative chemotaxis; nervous system development; outflow tract septum morphogenesis; positive regulation of axonogenesis; positive regulation of gene expression; positive regulation of MAPK cascade; positive regulation of Notch signaling pathway; positive regulation of Rho protein signal transduction; positive regulation of vascular endothelial growth factor receptor signaling pathway; positive regulation of vascular endothelial growth factor signaling pathway; pulmonary valve morphogenesis; Roundabout signaling pathway; ventricular septum morphogenesis,ENSG00000169855
ANKRD27,Q96NW4,Ankyrin repeat domain-containing protein 27,True,"May be a guanine exchange factor (GEF) for Rab21, Rab32 and Rab38 and regulate endosome dynamics (PubMed:16525121, PubMed:18477474). May regulate the participation of VAMP7 in membrane fusion events; in vitro inhibits VAMP7-mediated SNARE complex formation by trapping VAMP7 in a closed, fusogenically inactive conformation (PubMed:23104059). Involved in peripheral melanosomal distribution of TYRP1 in melanocytes; the function, which probably is implicating vesicle-trafficking, includes cooperation with Rab32, Rab38 and VAMP7 (By similarity). Involved in the regulation of neurite growth; the function seems to require its GEF activity, probably towards Rab21, and VAMP7 but not Rab32/38 (By similarity). Proposed to be involved in Golgi sorting of VAMP7 and transport of VAMP7 vesicles to the cell surface; the function seems to implicate kinesin heavy chain isoform 5 proteins, GOLGA4, RAB21 and MACF1 (PubMed:22705394). Required for the colocalization of VAMP7 and Rab21, probably on TGN sites (PubMed:19745841). Involved in GLUT1 endosome-to-plasma membrane trafficking; the function is dependent of association with VPS29 (PubMed:24856514). Regulates the proper trafficking of melanogenic enzymes TYR, TYRP1 and DCT/TYRP2 to melanosomes in melanocytes (By similarity)",Early endosome; Late endosome; Cytoplasmic vesicle membrane; Lysosome; Cell membrane; Melanosome,,,early endosome to late endosome transport; endocytic recycling; endosome to melanosome transport; negative regulation of SNARE complex assembly; neuron projection morphogenesis; positive regulation of dendrite morphogenesis; positive regulation of neuron projection development,ENSG00000105186
BLTP1,Q2LD37,Bridge-like lipid transfer protein family member 1,True,"Bridge-like lipid transfer protein that functions as molecular bridges between endoplasmic reticulum and the membranes targeted for lipid delivery (PubMed:35491307, PubMed:40269155). Forms a tunnel with multiple beta-grooves that allows the transport of phospholipids (By similarity). Provides phosphatidylethanolamine for glycosylphosphatidylinositol (GPI) anchor synthesis in the endoplasmic reticulum (PubMed:35015055). Plays a role in endosomal trafficking and endosome recycling (PubMed:30906834). Also involved in the actin cytoskeleton and cilia structural dynamics (PubMed:30906834). Acts as a regulator of phagocytosis (PubMed:31540829). Required for the formation of endoplasmic reticulum-plasma membrane junctions which are critical for lipid exchange (PubMed:40269155)",Endoplasmic reticulum membrane Single-pass membrane protein; Apical cell membrane; Cell membrane; Mitochondrion membrane,Highly expressed in testis and ovary. Weakly or not expressed in other tissues,"Alkuraya-Kucinskas syndrome: An autosomal recessive syndrome characterized by brain atrophy and arthrogryposis. Patients present with cerebral parenchymal underdevelopment, lissencephaly, severe to mild ventriculomegaly, and cerebellar hypoplasia with brainstem dysgenesis. Most affected individuals die in utero or soon after birth. The few patients who survive have variable intellectual disability and may have seizures. Facial dysmorphism, cardiac and ophthalmologic anomalies, such as microphthalmia and cataract, are additional features.",endocytic recycling; endosomal transport; intermembrane lipid transfer; phagocytosis; regulation of cell growth; regulation of epithelial cell differentiation; synaptic vesicle endocytosis,ENSG00000138688
CRTC1,Q6UUV9,CREB-regulated transcription coactivator 1,True,"Transcriptional coactivator for CREB1 which activates transcription through both consensus and variant cAMP response element (CRE) sites. Acts as a coactivator, in the SIK/TORC signaling pathway, being active when dephosphorylated and acts independently of CREB1 'Ser-133' phosphorylation. Enhances the interaction of CREB1 with TAF4. Regulates the expression of specific CREB-activated genes such as the steroidogenic gene, StAR. Potent coactivator of PGC1alpha and inducer of mitochondrial biogenesis in muscle cells. In the hippocampus, involved in late-phase long-term potentiation (L-LTP) maintenance at the Schaffer collateral-CA1 synapses. May be required for dendritic growth of developing cortical neurons (By similarity). In concert with SIK1, regulates the light-induced entrainment of the circadian clock. In response to light stimulus, coactivates the CREB-mediated transcription of PER1 which plays an important role in the photic entrainment of the circadian clock; (Microbial infection) Plays a role of coactivator for TAX activation of the human T-cell leukemia virus type 1 (HTLV-1) long terminal repeats (LTR)",Cytoplasm; Nucleus,"Highly expressed in adult and fetal brain. Located to specific regions such as the prefrontal cortex and cerebellum. Very low expression in other tissues such as heart, spleen, lung, skeletal muscle, salivary gland, ovary and kidney",,cellular response to cAMP; entrainment of circadian clock by photoperiod; positive regulation of transcription by RNA polymerase II; protein homotetramerization,ENSG00000105662
MCM6,Q14566,DNA replication licensing factor MCM6,True,"Acts as a component of the MCM2-7 complex (MCM complex) which is the replicative helicase essential for 'once per cell cycle' DNA replication initiation and elongation in eukaryotic cells. Core component of CDC45-MCM-GINS (CMG) helicase, the molecular machine that unwinds template DNA during replication, and around which the replisome is built (PubMed:16899510, PubMed:32453425, PubMed:34694004, PubMed:34700328, PubMed:35585232, PubMed:9305914). The active ATPase sites in the MCM2-7 ring are formed through the interaction surfaces of two neighboring subunits such that a critical structure of a conserved arginine finger motif is provided in trans relative to the ATP-binding site of the Walker A box of the adjacent subunit. The six ATPase active sites, however, are likely to contribute differentially to the complex helicase activity (PubMed:32453425)",Nucleus; Chromosome,,,DNA replication; DNA replication initiation; double-strand break repair via break-induced replication; mitotic DNA replication; regulation of DNA-templated DNA replication initiation,ENSG00000076003
SYT10,Q6XYQ8,Synaptotagmin-10,True,Ca(2+) sensor specifically required for the Ca(2+)-dependent exocytosis of secretory vesicles containing IGF1 in neurons of the olfactory bulb. Exocytosis of IGF1 is required for sensory perception of smell. Not involved in Ca(2+)-dependent synaptic vesicle exocytosis (By similarity). Acts through Ca(2+) and phospholipid binding to the C2 domain: Ca(2+) induces binding of the C2-domains to phospholipid membranes and to assembled SNARE-complexes; both actions contribute to triggering exocytosis (By similarity),"Cytoplasmic vesicle, secretory vesicle membrane Single-pass membrane protein","Expressed only in pancreas, lung and kidney",,chemical synaptic transmission; positive regulation of calcium ion-dependent exocytosis; regulation of calcium ion-dependent exocytosis; sensory perception of smell; vesicle-mediated transport,ENSG00000110975
COBLL1,Q53SF7,Cordon-bleu protein-like 1,True,,,,,,ENSG00000082438
